Paper Title,Temperature,Temperature Unit,Pressure,Pressure Unit,CaCl2 Concentration,NaCl Concentration,KCl Concentration,MgCl2 Concentration,Concentration Unit,CO2 Solubility,Solubility Unit
Dos Santos - 2020,323.15,kelvin,5.0687,MPa,1,0,0,0,mol/kg,0.5692,mol/kg
Dos Santos - 2020,323.15,kelvin,9.997,MPa,1,0,0,0,mol/kg,0.8322,mol/kg
Dos Santos - 2020,323.15,kelvin,14.983,MPa,1,0,0,0,mol/kg,0.8889,mol/kg
Dos Santos - 2020,323.15,kelvin,19.92,MPa,1,0,0,0,mol/kg,0.9213,mol/kg
Dos Santos - 2020,323.15,kelvin,1.577,MPa,0,0,0,1,mol/kg,0.1876,mol/kg
Dos Santos - 2020,323.15,kelvin,3.053,MPa,0,0,0,1,mol/kg,0.3382,mol/kg
Dos Santos - 2020,323.15,kelvin,5.071,MPa,0,0,0,1,mol/kg,0.5237,mol/kg
Dos Santos - 2020,323.15,kelvin,10.147,MPa,0,0,0,1,mol/kg,0.7763,mol/kg
Dos Santos - 2020,323.15,kelvin,14.984,MPa,0,0,0,1,mol/kg,0.8435,mol/kg
Dos Santos - 2020,323.15,kelvin,20.118,MPa,0,0,0,1,mol/kg,0.8968,mol/kg
Liu - 2021,298,kelvin,1,atm,0,0,0,1000,ppm,0.033,mol/kg
Liu - 2021,298,kelvin,20.4,atm,0,0,0,1000,ppm,0.596,mol/kg
Liu - 2021,298,kelvin,40.8,atm,0,0,0,1000,ppm,1.29,mol/kg
Liu - 2021,298,kelvin,61.2,atm,0,0,0,1000,ppm,1.346,mol/kg
Liu - 2021,298,kelvin,81.6,atm,0,0,0,1000,ppm,1.389,mol/kg
Liu - 2021,298,kelvin,102,atm,0,0,0,1000,ppm,1.423,mol/kg
Liu - 2021,298,kelvin,136.1,atm,0,0,0,1000,ppm,1.473,mol/kg
Liu - 2021,298,kelvin,156.5,atm,0,0,0,1000,ppm,1.501,mol/kg
Liu - 2021,298,kelvin,170.1,atm,0,0,0,1000,ppm,1.521,mol/kg
Liu - 2021,298,kelvin,190.5,atm,0,0,0,1000,ppm,1.545,mol/kg
Liu - 2021,298,kelvin,1,atm,0,0,0,10000,ppm,0.032,mol/kg
Liu - 2021,298,kelvin,20.4,atm,0,0,0,10000,ppm,0.588,mol/kg
Liu - 2021,298,kelvin,40.8,atm,0,0,0,10000,ppm,1.026,mol/kg
Liu - 2021,298,kelvin,61.2,atm,0,0,0,10000,ppm,1.315,mol/kg
Liu - 2021,298,kelvin,81.6,atm,0,0,0,10000,ppm,1.351,mol/kg
Liu - 2021,298,kelvin,102,atm,0,0,0,10000,ppm,1.397,mol/kg
Liu - 2021,298,kelvin,136.1,atm,0,0,0,10000,ppm,1.425,mol/kg
Liu - 2021,298,kelvin,156.5,atm,0,0,0,10000,ppm,1.471,mol/kg
Liu - 2021,298,kelvin,170.1,atm,0,0,0,10000,ppm,1.498,mol/kg
Liu - 2021,298,kelvin,190.5,atm,0,0,0,10000,ppm,1.5143,mol/kg
Liu - 2021,298,kelvin,1,atm,0,0,0,15000,ppm,0.032,mol/kg
Liu - 2021,298,kelvin,20.4,atm,0,0,0,15000,ppm,0.579,mol/kg
Liu - 2021,298,kelvin,40.8,atm,0,0,0,15000,ppm,1.013,mol/kg
Liu - 2021,298,kelvin,61.2,atm,0,0,0,15000,ppm,1.305,mol/kg
Liu - 2021,298,kelvin,81.6,atm,0,0,0,15000,ppm,1.345,mol/kg
Liu - 2021,298,kelvin,102,atm,0,0,0,15000,ppm,1.387,mol/kg
Liu - 2021,298,kelvin,136.1,atm,0,0,0,15000,ppm,1.411,mol/kg
Liu - 2021,298,kelvin,156.5,atm,0,0,0,15000,ppm,1.454,mol/kg
Liu - 2021,298,kelvin,170.1,atm,0,0,0,15000,ppm,1.495,mol/kg
Liu - 2021,298,kelvin,190.5,atm,0,0,0,15000,ppm,1.497,mol/kg
Liu - 2021,333,kelvin,1,atm,0,0,0,1000,ppm,0.014,mol/kg
Liu - 2021,333,kelvin,20.4,atm,0,0,0,1000,ppm,0.314,mol/kg
Liu - 2021,333,kelvin,40.8,atm,0,0,0,1000,ppm,0.511,mol/kg
Liu - 2021,333,kelvin,61.2,atm,0,0,0,1000,ppm,0.773,mol/kg
Liu - 2021,333,kelvin,81.6,atm,0,0,0,1000,ppm,1.008,mol/kg
Liu - 2021,333,kelvin,102,atm,0,0,0,1000,ppm,1.038,mol/kg
Liu - 2021,333,kelvin,136.1,atm,0,0,0,1000,ppm,1.13,mol/kg
Liu - 2021,333,kelvin,156.5,atm,0,0,0,1000,ppm,1.17,mol/kg
Liu - 2021,333,kelvin,170.1,atm,0,0,0,1000,ppm,1.19,mol/kg
Liu - 2021,333,kelvin,190.5,atm,0,0,0,1000,ppm,1.217,mol/kg
Liu - 2021,333,kelvin,1,atm,0,0,0,10000,ppm,0.013,mol/kg
Liu - 2021,333,kelvin,20.4,atm,0,0,0,10000,ppm,0.308,mol/kg
Liu - 2021,333,kelvin,40.8,atm,0,0,0,10000,ppm,0.561,mol/kg
Liu - 2021,333,kelvin,61.2,atm,0,0,0,10000,ppm,0.755,mol/kg
Liu - 2021,333,kelvin,81.6,atm,0,0,0,10000,ppm,0.91,mol/kg
Liu - 2021,333,kelvin,102,atm,0,0,0,10000,ppm,1.112,mol/kg
Liu - 2021,333,kelvin,136.1,atm,0,0,0,10000,ppm,1.34,mol/kg
Liu - 2021,333,kelvin,156.5,atm,0,0,0,10000,ppm,1.149,mol/kg
Liu - 2021,333,kelvin,170.1,atm,0,0,0,10000,ppm,1.161,mol/kg
Liu - 2021,333,kelvin,190.5,atm,0,0,0,10000,ppm,1.184,mol/kg
Liu - 2021,333,kelvin,1,atm,0,0,0,15000,ppm,0.013,mol/kg
Liu - 2021,333,kelvin,20.4,atm,0,0,0,15000,ppm,0.3054,mol/kg
Liu - 2021,333,kelvin,40.8,atm,0,0,0,15000,ppm,0.555,mol/kg
Liu - 2021,333,kelvin,61.2,atm,0,0,0,15000,ppm,0.748,mol/kg
Liu - 2021,333,kelvin,81.6,atm,0,0,0,15000,ppm,0.902,mol/kg
Liu - 2021,333,kelvin,102,atm,0,0,0,15000,ppm,0.101,mol/kg
Liu - 2021,333,kelvin,136.1,atm,0,0,0,15000,ppm,1.109,mol/kg
Liu - 2021,333,kelvin,156.5,atm,0,0,0,15000,ppm,1.147,mol/kg
Liu - 2021,333,kelvin,170.1,atm,0,0,0,15000,ppm,1.156,mol/kg
Liu - 2021,333,kelvin,190.5,atm,0,0,0,15000,ppm,1.182,mol/kg
Liu - 2021,353,kelvin,1,atm,0,0,0,1000,ppm,0.007,mol/kg
Liu - 2021,353,kelvin,20.4,atm,0,0,0,1000,ppm,0.24,mol/kg
Liu - 2021,353,kelvin,40.8,atm,0,0,0,1000,ppm,0.455,mol/kg
Liu - 2021,353,kelvin,61.2,atm,0,0,0,1000,ppm,0.591,mol/kg
Liu - 2021,353,kelvin,81.6,atm,0,0,0,1000,ppm,0.77,mol/kg
Liu - 2021,353,kelvin,102,atm,0,0,0,1000,ppm,0.882,mol/kg
Liu - 2021,353,kelvin,136.1,atm,0,0,0,1000,ppm,1.007,mol/kg
Liu - 2021,353,kelvin,156.5,atm,0,0,0,1000,ppm,1.062,mol/kg
Liu - 2021,353,kelvin,170.1,atm,0,0,0,1000,ppm,1.095,mol/kg
Liu - 2021,353,kelvin,190.5,atm,0,0,0,1000,ppm,1.137,mol/kg
Liu - 2021,353,kelvin,1,atm,0,0,0,10000,ppm,0.008,mol/kg
Liu - 2021,353,kelvin,20.4,atm,0,0,0,10000,ppm,0.171,mol/kg
Liu - 2021,353,kelvin,40.8,atm,0,0,0,10000,ppm,0.447,mol/kg
Liu - 2021,353,kelvin,61.2,atm,0,0,0,10000,ppm,0.625,mol/kg
Liu - 2021,353,kelvin,81.6,atm,0,0,0,10000,ppm,0.756,mol/kg
Liu - 2021,353,kelvin,102,atm,0,0,0,10000,ppm,0.871,mol/kg
Liu - 2021,353,kelvin,136.1,atm,0,0,0,10000,ppm,0.987,mol/kg
Liu - 2021,353,kelvin,156.5,atm,0,0,0,10000,ppm,1.028,mol/kg
Liu - 2021,353,kelvin,170.1,atm,0,0,0,10000,ppm,1.074,mol/kg
Liu - 2021,353,kelvin,190.5,atm,0,0,0,10000,ppm,1.116,mol/kg
Liu - 2021,353,kelvin,1,atm,0,0,0,15000,ppm,0.007,mol/kg
Liu - 2021,353,kelvin,20.4,atm,0,0,0,15000,ppm,0.168,mol/kg
Liu - 2021,353,kelvin,40.8,atm,0,0,0,15000,ppm,0.444,mol/kg
Liu - 2021,353,kelvin,61.2,atm,0,0,0,15000,ppm,0.611,mol/kg
Liu - 2021,353,kelvin,81.6,atm,0,0,0,15000,ppm,0.753,mol/kg
Liu - 2021,353,kelvin,102,atm,0,0,0,15000,ppm,0.868,mol/kg
Liu - 2021,353,kelvin,136.1,atm,0,0,0,15000,ppm,0.977,mol/kg
Liu - 2021,353,kelvin,156.5,atm,0,0,0,15000,ppm,1.0115,mol/kg
Liu - 2021,353,kelvin,170.1,atm,0,0,0,15000,ppm,1.065,mol/kg
Liu - 2021,353,kelvin,190.5,atm,0,0,0,15000,ppm,1.113,mol/kg
Liu - 2021,373,kelvin,1,atm,0,0,0,1000,ppm,0,mol/kg
Liu - 2021,373,kelvin,20.4,atm,0,0,0,1000,ppm,0.202,mol/kg
Liu - 2021,373,kelvin,40.8,atm,0,0,0,1000,ppm,0.386,mol/kg
Liu - 2021,373,kelvin,61.2,atm,0,0,0,1000,ppm,0.544,mol/kg
Liu - 2021,373,kelvin,81.6,atm,0,0,0,1000,ppm,0.491,mol/kg
Liu - 2021,373,kelvin,102,atm,0,0,0,1000,ppm,0.79,mol/kg
Liu - 2021,373,kelvin,136.1,atm,0,0,0,1000,ppm,0.935,mol/kg
Liu - 2021,373,kelvin,156.5,atm,0,0,0,1000,ppm,1.001,mol/kg
Liu - 2021,373,kelvin,170.1,atm,0,0,0,1000,ppm,1.034,mol/kg
Liu - 2021,373,kelvin,190.5,atm,0,0,0,1000,ppm,1.086,mol/kg
Liu - 2021,373,kelvin,1,atm,0,0,0,10000,ppm,0,mol/kg
Liu - 2021,373,kelvin,20.4,atm,0,0,0,10000,ppm,0.202,mol/kg
Liu - 2021,373,kelvin,40.8,atm,0,0,0,10000,ppm,0.369,mol/kg
Liu - 2021,373,kelvin,61.2,atm,0,0,0,10000,ppm,0.535,mol/kg
Liu - 2021,373,kelvin,81.6,atm,0,0,0,10000,ppm,0.653,mol/kg
Liu - 2021,373,kelvin,102,atm,0,0,0,10000,ppm,0.776,mol/kg
Liu - 2021,373,kelvin,136.1,atm,0,0,0,10000,ppm,0.905,mol/kg
Liu - 2021,373,kelvin,156.5,atm,0,0,0,10000,ppm,0.986,mol/kg
Liu - 2021,373,kelvin,170.1,atm,0,0,0,10000,ppm,1.016,mol/kg
Liu - 2021,373,kelvin,190.5,atm,0,0,0,10000,ppm,1.066,mol/kg
Liu - 2021,373,kelvin,1,atm,0,0,0,15000,ppm,0,mol/kg
Liu - 2021,373,kelvin,20.4,atm,0,0,0,15000,ppm,0.197,mol/kg
Liu - 2021,373,kelvin,40.8,atm,0,0,0,15000,ppm,0.433,mol/kg
Liu - 2021,373,kelvin,61.2,atm,0,0,0,15000,ppm,0.511,mol/kg
Liu - 2021,373,kelvin,81.6,atm,0,0,0,15000,ppm,0.66,mol/kg
Liu - 2021,373,kelvin,102,atm,0,0,0,15000,ppm,0.778,mol/kg
Liu - 2021,373,kelvin,136.1,atm,0,0,0,15000,ppm,0.909,mol/kg
Liu - 2021,373,kelvin,156.5,atm,0,0,0,15000,ppm,0.973,mol/kg
Liu - 2021,373,kelvin,170.1,atm,0,0,0,15000,ppm,1.005,mol/kg
Liu - 2021,373,kelvin,190.5,atm,0,0,0,15000,ppm,1.055,mol/kg
Liu - 2021,298,kelvin,1,atm,1000,0,0,0,ppm,0.032,mol/kg
Liu - 2021,298,kelvin,20.4,atm,1000,0,0,0,ppm,0.603,mol/kg
Liu - 2021,298,kelvin,40.8,atm,1000,0,0,0,ppm,1.30935,mol/kg
Liu - 2021,298,kelvin,61.2,atm,1000,0,0,0,ppm,1.346,mol/kg
Liu - 2021,298,kelvin,81.6,atm,1000,0,0,0,ppm,1.389,mol/kg
Liu - 2021,298,kelvin,102,atm,1000,0,0,0,ppm,1.423,mol/kg
Liu - 2021,298,kelvin,136.1,atm,1000,0,0,0,ppm,1.475,mol/kg
Liu - 2021,298,kelvin,156.5,atm,1000,0,0,0,ppm,1.505,mol/kg
Liu - 2021,298,kelvin,170.1,atm,1000,0,0,0,ppm,1.525,mol/kg
Liu - 2021,298,kelvin,190.5,atm,1000,0,0,0,ppm,1.545,mol/kg
Liu - 2021,298,kelvin,1,atm,10000,0,0,0,ppm,0.032,mol/kg
Liu - 2021,298,kelvin,20.4,atm,10000,0,0,0,ppm,0.5918,mol/kg
Liu - 2021,298,kelvin,40.8,atm,10000,0,0,0,ppm,1.06,mol/kg
Liu - 2021,298,kelvin,61.2,atm,10000,0,0,0,ppm,1.319,mol/kg
Liu - 2021,298,kelvin,81.6,atm,10000,0,0,0,ppm,1.352,mol/kg
Liu - 2021,298,kelvin,102,atm,10000,0,0,0,ppm,1.394,mol/kg
Liu - 2021,298,kelvin,136.1,atm,10000,0,0,0,ppm,1.44,mol/kg
Liu - 2021,298,kelvin,156.5,atm,10000,0,0,0,ppm,1.47,mol/kg
Liu - 2021,298,kelvin,170.1,atm,10000,0,0,0,ppm,1.492,mol/kg
Liu - 2021,298,kelvin,190.5,atm,10000,0,0,0,ppm,1.514,mol/kg
Liu - 2021,298,kelvin,1,atm,15000,0,0,0,ppm,0.032,mol/kg
Liu - 2021,298,kelvin,20.4,atm,15000,0,0,0,ppm,0.5825,mol/kg
Liu - 2021,298,kelvin,40.8,atm,15000,0,0,0,ppm,1.013,mol/kg
Liu - 2021,298,kelvin,61.2,atm,15000,0,0,0,ppm,1.3085,mol/kg
Liu - 2021,298,kelvin,81.6,atm,15000,0,0,0,ppm,1.3485,mol/kg
Liu - 2021,298,kelvin,102,atm,15000,0,0,0,ppm,1.3905,mol/kg
Liu - 2021,298,kelvin,136.1,atm,15000,0,0,0,ppm,1.413,mol/kg
Liu - 2021,298,kelvin,156.5,atm,15000,0,0,0,ppm,1.454,mol/kg
Liu - 2021,298,kelvin,170.1,atm,15000,0,0,0,ppm,1.492,mol/kg
Liu - 2021,298,kelvin,190.5,atm,15000,0,0,0,ppm,1.497,mol/kg
Liu - 2021,333,kelvin,1,atm,1000,0,0,0,ppm,0.013,mol/kg
Liu - 2021,333,kelvin,20.4,atm,1000,0,0,0,ppm,0.314,mol/kg
Liu - 2021,333,kelvin,40.8,atm,1000,0,0,0,ppm,0.511,mol/kg
Liu - 2021,333,kelvin,61.2,atm,1000,0,0,0,ppm,0.773,mol/kg
Liu - 2021,333,kelvin,81.6,atm,1000,0,0,0,ppm,1.009,mol/kg
Liu - 2021,333,kelvin,102,atm,1000,0,0,0,ppm,1.039,mol/kg
Liu - 2021,333,kelvin,136.1,atm,1000,0,0,0,ppm,1.13,mol/kg
Liu - 2021,333,kelvin,156.5,atm,1000,0,0,0,ppm,1.171,mol/kg
Liu - 2021,333,kelvin,170.1,atm,1000,0,0,0,ppm,1.2,mol/kg
Liu - 2021,333,kelvin,190.5,atm,1000,0,0,0,ppm,1.218,mol/kg
Liu - 2021,333,kelvin,1,atm,10000,0,0,0,ppm,0.013,mol/kg
Liu - 2021,333,kelvin,20.4,atm,10000,0,0,0,ppm,0.308,mol/kg
Liu - 2021,333,kelvin,40.8,atm,10000,0,0,0,ppm,0.561,mol/kg
Liu - 2021,333,kelvin,61.2,atm,10000,0,0,0,ppm,0.76,mol/kg
Liu - 2021,333,kelvin,81.6,atm,10000,0,0,0,ppm,0.91,mol/kg
Liu - 2021,333,kelvin,102,atm,10000,0,0,0,ppm,1.113,mol/kg
Liu - 2021,333,kelvin,136.1,atm,10000,0,0,0,ppm,1.12,mol/kg
Liu - 2021,333,kelvin,156.5,atm,10000,0,0,0,ppm,1.148,mol/kg
Liu - 2021,333,kelvin,170.1,atm,10000,0,0,0,ppm,1.168,mol/kg
Liu - 2021,333,kelvin,190.5,atm,10000,0,0,0,ppm,1.211,mol/kg
Liu - 2021,333,kelvin,1,atm,15000,0,0,0,ppm,0.013,mol/kg
Liu - 2021,333,kelvin,20.4,atm,15000,0,0,0,ppm,0.305,mol/kg
Liu - 2021,333,kelvin,40.8,atm,15000,0,0,0,ppm,0.556,mol/kg
Liu - 2021,333,kelvin,61.2,atm,15000,0,0,0,ppm,0.747,mol/kg
Liu - 2021,333,kelvin,81.6,atm,15000,0,0,0,ppm,0.901,mol/kg
Liu - 2021,333,kelvin,102,atm,15000,0,0,0,ppm,1.388,mol/kg
Liu - 2021,333,kelvin,136.1,atm,15000,0,0,0,ppm,1.412,mol/kg
Liu - 2021,333,kelvin,156.5,atm,15000,0,0,0,ppm,1.146,mol/kg
Liu - 2021,333,kelvin,170.1,atm,15000,0,0,0,ppm,1.156,mol/kg
Liu - 2021,333,kelvin,190.5,atm,15000,0,0,0,ppm,1.183,mol/kg
Liu - 2021,353,kelvin,1,atm,1000,0,0,0,ppm,0.007,mol/kg
Liu - 2021,353,kelvin,20.4,atm,1000,0,0,0,ppm,0.21,mol/kg
Liu - 2021,353,kelvin,40.8,atm,1000,0,0,0,ppm,0.455,mol/kg
Liu - 2021,353,kelvin,61.2,atm,1000,0,0,0,ppm,0.591,mol/kg
Liu - 2021,353,kelvin,81.6,atm,1000,0,0,0,ppm,0.7702,mol/kg
Liu - 2021,353,kelvin,102,atm,1000,0,0,0,ppm,0.8823,mol/kg
Liu - 2021,353,kelvin,136.1,atm,1000,0,0,0,ppm,1.011,mol/kg
Liu - 2021,353,kelvin,156.5,atm,1000,0,0,0,ppm,1.066,mol/kg
Liu - 2021,353,kelvin,170.1,atm,1000,0,0,0,ppm,1.099,mol/kg
Liu - 2021,353,kelvin,190.5,atm,1000,0,0,0,ppm,1.139,mol/kg
Liu - 2021,353,kelvin,1,atm,10000,0,0,0,ppm,0.007,mol/kg
Liu - 2021,353,kelvin,20.4,atm,10000,0,0,0,ppm,0.203,mol/kg
Liu - 2021,353,kelvin,40.8,atm,10000,0,0,0,ppm,0.423,mol/kg
Liu - 2021,353,kelvin,61.2,atm,10000,0,0,0,ppm,0.617,mol/kg
Liu - 2021,353,kelvin,81.6,atm,10000,0,0,0,ppm,0.756,mol/kg
Liu - 2021,353,kelvin,102,atm,10000,0,0,0,ppm,0.085,mol/kg
Liu - 2021,353,kelvin,136.1,atm,10000,0,0,0,ppm,0.987,mol/kg
Liu - 2021,353,kelvin,156.5,atm,10000,0,0,0,ppm,1.033,mol/kg
Liu - 2021,353,kelvin,170.1,atm,10000,0,0,0,ppm,1.075,mol/kg
Liu - 2021,353,kelvin,190.5,atm,10000,0,0,0,ppm,1.117,mol/kg
Liu - 2021,353,kelvin,1,atm,15000,0,0,0,ppm,0.007,mol/kg
Liu - 2021,353,kelvin,20.4,atm,15000,0,0,0,ppm,0.167,mol/kg
Liu - 2021,353,kelvin,40.8,atm,15000,0,0,0,ppm,0.442,mol/kg
Liu - 2021,353,kelvin,61.2,atm,15000,0,0,0,ppm,0.611,mol/kg
Liu - 2021,353,kelvin,81.6,atm,15000,0,0,0,ppm,0.753,mol/kg
Liu - 2021,353,kelvin,102,atm,15000,0,0,0,ppm,0.858,mol/kg
Liu - 2021,353,kelvin,136.1,atm,15000,0,0,0,ppm,0.978,mol/kg
Liu - 2021,353,kelvin,156.5,atm,15000,0,0,0,ppm,1.032,mol/kg
Liu - 2021,353,kelvin,170.1,atm,15000,0,0,0,ppm,1.065,mol/kg
Liu - 2021,353,kelvin,190.5,atm,15000,0,0,0,ppm,1.113,mol/kg
Liu - 2021,373,kelvin,1,atm,1000,0,0,0,ppm,0,mol/kg
Liu - 2021,373,kelvin,20.4,atm,1000,0,0,0,ppm,0.199,mol/kg
Liu - 2021,373,kelvin,40.8,atm,1000,0,0,0,ppm,0.386,mol/kg
Liu - 2021,373,kelvin,61.2,atm,1000,0,0,0,ppm,0.544,mol/kg
Liu - 2021,373,kelvin,81.6,atm,1000,0,0,0,ppm,0.491,mol/kg
Liu - 2021,373,kelvin,102,atm,1000,0,0,0,ppm,0.79,mol/kg
Liu - 2021,373,kelvin,136.1,atm,1000,0,0,0,ppm,0.935,mol/kg
Liu - 2021,373,kelvin,156.5,atm,1000,0,0,0,ppm,1.001,mol/kg
Liu - 2021,373,kelvin,170.1,atm,1000,0,0,0,ppm,1.04,mol/kg
Liu - 2021,373,kelvin,190.5,atm,1000,0,0,0,ppm,1.091,mol/kg
Liu - 2021,373,kelvin,1,atm,10000,0,0,0,ppm,0,mol/kg
Liu - 2021,373,kelvin,20.4,atm,10000,0,0,0,ppm,0.198,mol/kg
Liu - 2021,373,kelvin,40.8,atm,10000,0,0,0,ppm,0.386,mol/kg
Liu - 2021,373,kelvin,61.2,atm,10000,0,0,0,ppm,0.534,mol/kg
Liu - 2021,373,kelvin,81.6,atm,10000,0,0,0,ppm,0.665,mol/kg
Liu - 2021,373,kelvin,102,atm,10000,0,0,0,ppm,0.775,mol/kg
Liu - 2021,373,kelvin,136.1,atm,10000,0,0,0,ppm,0.88,mol/kg
Liu - 2021,373,kelvin,156.5,atm,10000,0,0,0,ppm,0.983,mol/kg
Liu - 2021,373,kelvin,170.1,atm,10000,0,0,0,ppm,1.015,mol/kg
Liu - 2021,373,kelvin,190.5,atm,10000,0,0,0,ppm,1.064,mol/kg
Liu - 2021,373,kelvin,1,atm,15000,0,0,0,ppm,0,mol/kg
Liu - 2021,373,kelvin,20.4,atm,15000,0,0,0,ppm,0.197,mol/kg
Liu - 2021,373,kelvin,40.8,atm,15000,0,0,0,ppm,0.433,mol/kg
Liu - 2021,373,kelvin,61.2,atm,15000,0,0,0,ppm,0.511,mol/kg
Liu - 2021,373,kelvin,81.6,atm,15000,0,0,0,ppm,0.658,mol/kg
Liu - 2021,373,kelvin,102,atm,15000,0,0,0,ppm,0.77,mol/kg
Liu - 2021,373,kelvin,136.1,atm,15000,0,0,0,ppm,0.91,mol/kg
Liu - 2021,373,kelvin,156.5,atm,15000,0,0,0,ppm,0.973,mol/kg
Liu - 2021,373,kelvin,170.1,atm,15000,0,0,0,ppm,1.005,mol/kg
Liu - 2021,373,kelvin,190.5,atm,15000,0,0,0,ppm,1.055,mol/kg
Liu - 2021,373,kelvin,1,atm,1000,0,0,0,ppm,0,mol/kg
Liu - 2021,373,kelvin,20.4,atm,1000,0,0,0,ppm,0.199,mol/kg
Liu - 2021,373,kelvin,40.8,atm,1000,0,0,0,ppm,0.386,mol/kg
Liu - 2021,373,kelvin,61.2,atm,1000,0,0,0,ppm,0.544,mol/kg
Liu - 2021,373,kelvin,81.6,atm,1000,0,0,0,ppm,0.491,mol/kg
Liu - 2021,373,kelvin,102,atm,1000,0,0,0,ppm,0.79,mol/kg
Liu - 2021,373,kelvin,136.1,atm,1000,0,0,0,ppm,0.935,mol/kg
Liu - 2021,373,kelvin,156.5,atm,1000,0,0,0,ppm,1.001,mol/kg
Liu - 2021,373,kelvin,170.1,atm,1000,0,0,0,ppm,1.04,mol/kg
Liu - 2021,373,kelvin,190.5,atm,1000,0,0,0,ppm,1.091,mol/kg
Liu - 2021,373,kelvin,1,atm,10000,0,0,0,ppm,0,mol/kg
Liu - 2021,373,kelvin,20.4,atm,10000,0,0,0,ppm,0.198,mol/kg
Liu - 2021,373,kelvin,40.8,atm,10000,0,0,0,ppm,0.386,mol/kg
Liu - 2021,373,kelvin,61.2,atm,10000,0,0,0,ppm,0.534,mol/kg
Liu - 2021,373,kelvin,81.6,atm,10000,0,0,0,ppm,0.665,mol/kg
Liu - 2021,373,kelvin,102,atm,10000,0,0,0,ppm,0.775,mol/kg
Liu - 2021,373,kelvin,136.1,atm,10000,0,0,0,ppm,0.88,mol/kg
Liu - 2021,373,kelvin,156.5,atm,10000,0,0,0,ppm,0.983,mol/kg
Liu - 2021,373,kelvin,170.1,atm,10000,0,0,0,ppm,1.015,mol/kg
Liu - 2021,373,kelvin,190.5,atm,10000,0,0,0,ppm,1.064,mol/kg
Liu - 2021,373,kelvin,1,atm,15000,0,0,0,ppm,0,mol/kg
Liu - 2021,373,kelvin,20.4,atm,15000,0,0,0,ppm,0.197,mol/kg
Liu - 2021,373,kelvin,40.8,atm,15000,0,0,0,ppm,0.433,mol/kg
Liu - 2021,373,kelvin,61.2,atm,15000,0,0,0,ppm,0.511,mol/kg
Liu - 2021,373,kelvin,81.6,atm,15000,0,0,0,ppm,0.658,mol/kg
Liu - 2021,373,kelvin,102,atm,15000,0,0,0,ppm,0.77,mol/kg
Liu - 2021,373,kelvin,136.1,atm,15000,0,0,0,ppm,0.91,mol/kg
Liu - 2021,373,kelvin,156.5,atm,15000,0,0,0,ppm,0.973,mol/kg
Liu - 2021,373,kelvin,170.1,atm,15000,0,0,0,ppm,1.005,mol/kg
Liu - 2021,373,kelvin,190.5,atm,15000,0,0,0,ppm,1.055,mol/kg
Liu - 2021,298,kelvin,1,atm,500,0,0,500,ppm,0.033,mol/kg
Liu - 2021,298,kelvin,20.4,atm,500,0,0,500,ppm,0.605,mol/kg
Liu - 2021,298,kelvin,40.8,atm,500,0,0,500,ppm,1.31135,mol/kg
Liu - 2021,298,kelvin,61.2,atm,500,0,0,500,ppm,1.348,mol/kg
Liu - 2021,298,kelvin,81.6,atm,500,0,0,500,ppm,1.391,mol/kg
Liu - 2021,298,kelvin,102,atm,500,0,0,500,ppm,1.425,mol/kg
Liu - 2021,298,kelvin,136.1,atm,500,0,0,500,ppm,1.477,mol/kg
Liu - 2021,298,kelvin,156.5,atm,500,0,0,500,ppm,1.507,mol/kg
Liu - 2021,298,kelvin,170.1,atm,500,0,0,500,ppm,1.527,mol/kg
Liu - 2021,298,kelvin,190.5,atm,500,0,0,500,ppm,1.547,mol/kg
Liu - 2021,298,kelvin,1,atm,5000,0,0,5000,ppm,0.032,mol/kg
Liu - 2021,298,kelvin,20.4,atm,5000,0,0,5000,ppm,0.612,mol/kg
Liu - 2021,298,kelvin,40.8,atm,5000,0,0,5000,ppm,1.047,mol/kg
Liu - 2021,298,kelvin,61.2,atm,5000,0,0,5000,ppm,1.314,mol/kg
Liu - 2021,298,kelvin,81.6,atm,5000,0,0,5000,ppm,1.391,mol/kg
Liu - 2021,298,kelvin,102,atm,5000,0,0,5000,ppm,1.432,mol/kg
Liu - 2021,298,kelvin,136.1,atm,5000,0,0,5000,ppm,1.473,mol/kg
Liu - 2021,298,kelvin,156.5,atm,5000,0,0,5000,ppm,1.501,mol/kg
Liu - 2021,298,kelvin,170.1,atm,5000,0,0,5000,ppm,1.519,mol/kg
Liu - 2021,298,kelvin,190.5,atm,5000,0,0,5000,ppm,1.544,mol/kg
Liu - 2021,298,kelvin,1,atm,7500,0,0,7500,ppm,0.032,mol/kg
Liu - 2021,298,kelvin,20.4,atm,7500,0,0,7500,ppm,0.612,mol/kg
Liu - 2021,298,kelvin,40.8,atm,7500,0,0,7500,ppm,1.047,mol/kg
Liu - 2021,298,kelvin,61.2,atm,7500,0,0,7500,ppm,1.314,mol/kg
Liu - 2021,298,kelvin,81.6,atm,7500,0,0,7500,ppm,1.391,mol/kg
Liu - 2021,298,kelvin,102,atm,7500,0,0,7500,ppm,1.432,mol/kg
Liu - 2021,298,kelvin,136.1,atm,7500,0,0,7500,ppm,1.473,mol/kg
Liu - 2021,298,kelvin,156.5,atm,7500,0,0,7500,ppm,1.485,mol/kg
Liu - 2021,298,kelvin,170.1,atm,7500,0,0,7500,ppm,1.519,mol/kg
Liu - 2021,298,kelvin,190.5,atm,7500,0,0,7500,ppm,1.527,mol/kg
Liu - 2021,333,kelvin,1,atm,500,0,0,500,ppm,0.137,mol/kg
Liu - 2021,333,kelvin,20.4,atm,500,0,0,500,ppm,0.316,mol/kg
Liu - 2021,333,kelvin,40.8,atm,500,0,0,500,ppm,0.513,mol/kg
Liu - 2021,333,kelvin,61.2,atm,500,0,0,500,ppm,0.775,mol/kg
Liu - 2021,333,kelvin,81.6,atm,500,0,0,500,ppm,1.011,mol/kg
Liu - 2021,333,kelvin,102,atm,500,0,0,500,ppm,1.04,mol/kg
Liu - 2021,333,kelvin,136.1,atm,500,0,0,500,ppm,1.132,mol/kg
Liu - 2021,333,kelvin,156.5,atm,500,0,0,500,ppm,1.173,mol/kg
Liu - 2021,333,kelvin,170.1,atm,500,0,0,500,ppm,2.04,mol/kg
Liu - 2021,333,kelvin,190.5,atm,500,0,0,500,ppm,1.22,mol/kg
Liu - 2021,333,kelvin,1,atm,5000,0,0,5000,ppm,0.011,mol/kg
Liu - 2021,333,kelvin,20.4,atm,5000,0,0,5000,ppm,0.314,mol/kg
Liu - 2021,333,kelvin,40.8,atm,5000,0,0,5000,ppm,0.5713,mol/kg
Liu - 2021,333,kelvin,61.2,atm,5000,0,0,5000,ppm,0.773,mol/kg
Liu - 2021,333,kelvin,81.6,atm,5000,0,0,5000,ppm,0.927,mol/kg
Liu - 2021,333,kelvin,102,atm,5000,0,0,5000,ppm,1.037,mol/kg
Liu - 2021,333,kelvin,136.1,atm,5000,0,0,5000,ppm,1.151,mol/kg
Liu - 2021,333,kelvin,156.5,atm,5000,0,0,5000,ppm,1.171,mol/kg
Liu - 2021,333,kelvin,170.1,atm,5000,0,0,5000,ppm,1.19,mol/kg
Liu - 2021,333,kelvin,190.5,atm,5000,0,0,5000,ppm,1.218,mol/kg
Liu - 2021,333,kelvin,1,atm,7500,0,0,7500,ppm,0.011,mol/kg
Liu - 2021,333,kelvin,20.4,atm,7500,0,0,7500,ppm,0.314,mol/kg
Liu - 2021,333,kelvin,40.8,atm,7500,0,0,7500,ppm,0.5713,mol/kg
Liu - 2021,333,kelvin,61.2,atm,7500,0,0,7500,ppm,0.773,mol/kg
Liu - 2021,333,kelvin,81.6,atm,7500,0,0,7500,ppm,0.927,mol/kg
Liu - 2021,333,kelvin,102,atm,7500,0,0,7500,ppm,1.037,mol/kg
Liu - 2021,333,kelvin,136.1,atm,7500,0,0,7500,ppm,1.151,mol/kg
Liu - 2021,333,kelvin,156.5,atm,7500,0,0,7500,ppm,1.171,mol/kg
Liu - 2021,333,kelvin,170.1,atm,7500,0,0,7500,ppm,1.19,mol/kg
Liu - 2021,333,kelvin,190.5,atm,7500,0,0,7500,ppm,1.218,mol/kg
Liu - 2021,353,kelvin,1,atm,500,0,0,500,ppm,0.007,mol/kg
Liu - 2021,353,kelvin,20.4,atm,500,0,0,500,ppm,0.212,mol/kg
Liu - 2021,353,kelvin,40.8,atm,500,0,0,500,ppm,0.457,mol/kg
Liu - 2021,353,kelvin,61.2,atm,500,0,0,500,ppm,0.593,mol/kg
Liu - 2021,353,kelvin,81.6,atm,500,0,0,500,ppm,0.7722,mol/kg
Liu - 2021,353,kelvin,102,atm,500,0,0,500,ppm,0.8843,mol/kg
Liu - 2021,353,kelvin,136.1,atm,500,0,0,500,ppm,1.013,mol/kg
Liu - 2021,353,kelvin,156.5,atm,500,0,0,500,ppm,1.068,mol/kg
Liu - 2021,353,kelvin,170.1,atm,500,0,0,500,ppm,1.101,mol/kg
Liu - 2021,353,kelvin,190.5,atm,500,0,0,500,ppm,1.141,mol/kg
Liu - 2021,353,kelvin,1,atm,5000,0,0,5000,ppm,0.008,mol/kg
Liu - 2021,353,kelvin,20.4,atm,5000,0,0,5000,ppm,0.253,mol/kg
Liu - 2021,353,kelvin,40.8,atm,5000,0,0,5000,ppm,0.5,mol/kg
Liu - 2021,353,kelvin,61.2,atm,5000,0,0,5000,ppm,0.629,mol/kg
Liu - 2021,353,kelvin,81.6,atm,5000,0,0,5000,ppm,0.788,mol/kg
Liu - 2021,353,kelvin,102,atm,5000,0,0,5000,ppm,0.882,mol/kg
Liu - 2021,353,kelvin,136.1,atm,5000,0,0,5000,ppm,0.0952,mol/kg
Liu - 2021,353,kelvin,156.5,atm,5000,0,0,5000,ppm,1.0056,mol/kg
Liu - 2021,353,kelvin,170.1,atm,5000,0,0,5000,ppm,1.097,mol/kg
Liu - 2021,353,kelvin,190.5,atm,5000,0,0,5000,ppm,1.138,mol/kg
Liu - 2021,353,kelvin,1,atm,7500,0,0,7500,ppm,0.008,mol/kg
Liu - 2021,353,kelvin,20.4,atm,7500,0,0,7500,ppm,0.217,mol/kg
Liu - 2021,353,kelvin,40.8,atm,7500,0,0,7500,ppm,0.5,mol/kg
Liu - 2021,353,kelvin,61.2,atm,7500,0,0,7500,ppm,0.629,mol/kg
Liu - 2021,353,kelvin,81.6,atm,7500,0,0,7500,ppm,0.788,mol/kg
Liu - 2021,353,kelvin,102,atm,7500,0,0,7500,ppm,0.882,mol/kg
Liu - 2021,353,kelvin,136.1,atm,7500,0,0,7500,ppm,0.0952,mol/kg
Liu - 2021,353,kelvin,156.5,atm,7500,0,0,7500,ppm,1.0056,mol/kg
Liu - 2021,353,kelvin,170.1,atm,7500,0,0,7500,ppm,1.097,mol/kg
Liu - 2021,353,kelvin,190.5,atm,7500,0,0,7500,ppm,1.138,mol/kg
Liu - 2021,373,kelvin,1,atm,500,0,0,500,ppm,0,mol/kg
Liu - 2021,373,kelvin,20.4,atm,500,0,0,500,ppm,0.202,mol/kg
Liu - 2021,373,kelvin,40.8,atm,500,0,0,500,ppm,0.389,mol/kg
Liu - 2021,373,kelvin,61.2,atm,500,0,0,500,ppm,0.547,mol/kg
Liu - 2021,373,kelvin,81.6,atm,500,0,0,500,ppm,0.671,mol/kg
Liu - 2021,373,kelvin,102,atm,500,0,0,500,ppm,0.81,mol/kg
Liu - 2021,373,kelvin,136.1,atm,500,0,0,500,ppm,0.9376,mol/kg
Liu - 2021,373,kelvin,156.5,atm,500,0,0,500,ppm,1.003,mol/kg
Liu - 2021,373,kelvin,170.1,atm,500,0,0,500,ppm,1.043,mol/kg
Liu - 2021,373,kelvin,190.5,atm,500,0,0,500,ppm,1.095,mol/kg
Liu - 2021,373,kelvin,1,atm,5000,0,0,5000,ppm,0,mol/kg
Liu - 2021,373,kelvin,20.4,atm,5000,0,0,5000,ppm,0.202,mol/kg
Liu - 2021,373,kelvin,40.8,atm,5000,0,0,5000,ppm,0.398,mol/kg
Liu - 2021,373,kelvin,61.2,atm,5000,0,0,5000,ppm,0.551,mol/kg
Liu - 2021,373,kelvin,81.6,atm,5000,0,0,5000,ppm,0.6778,mol/kg
Liu - 2021,373,kelvin,102,atm,5000,0,0,5000,ppm,0.792,mol/kg
Liu - 2021,373,kelvin,136.1,atm,5000,0,0,5000,ppm,0.9,mol/kg
Liu - 2021,373,kelvin,156.5,atm,5000,0,0,5000,ppm,1.006,mol/kg
Liu - 2021,373,kelvin,170.1,atm,5000,0,0,5000,ppm,1.037,mol/kg
Liu - 2021,373,kelvin,190.5,atm,5000,0,0,5000,ppm,1.086,mol/kg
Liu - 2021,373,kelvin,1,atm,7500,0,0,7500,ppm,0,mol/kg
Liu - 2021,373,kelvin,20.4,atm,7500,0,0,7500,ppm,0.202,mol/kg
Liu - 2021,373,kelvin,40.8,atm,7500,0,0,7500,ppm,0.398,mol/kg
Liu - 2021,373,kelvin,61.2,atm,7500,0,0,7500,ppm,0.551,mol/kg
Liu - 2021,373,kelvin,81.6,atm,7500,0,0,7500,ppm,0.6778,mol/kg
Liu - 2021,373,kelvin,102,atm,7500,0,0,7500,ppm,0.792,mol/kg
Liu - 2021,373,kelvin,136.1,atm,7500,0,0,7500,ppm,0.93,mol/kg
Liu - 2021,373,kelvin,156.5,atm,7500,0,0,7500,ppm,1.006,mol/kg
Liu - 2021,373,kelvin,170.1,atm,7500,0,0,7500,ppm,1.037,mol/kg
Liu - 2021,373,kelvin,190.5,atm,7500,0,0,7500,ppm,1.086,mol/kg
Cruz - 2020,323.15,kelvin,5.07,MPa,0,1,0,0,mol/kg,0.62,mol/kg
Cruz - 2020,323.15,kelvin,10.05,MPa,0,1,0,0,mol/kg,0.91,mol/kg
Cruz - 2020,323.15,kelvin,20.02,MPa,0,1,0,0,mol/kg,1.06,mol/kg
Cruz - 2020,323.15,kelvin,29.99,MPa,0,1,0,0,mol/kg,1.13,mol/kg
Cruz - 2020,323.15,kelvin,40.04,MPa,0,1,0,0,mol/kg,1.28,mol/kg
Cruz - 2020,323.15,kelvin,15.04,MPa,1,0,0,0,mol/kg,0.88,mol/kg
Cruz - 2020,333.15,kelvin,6.01,MPa,0,1.2,0,0,mol/kg,0.62,mol/kg
Cruz - 2020,333.15,kelvin,10.01,MPa,0,1.2,0,0,mol/kg,0.87,mol/kg
Cruz - 2020,333.15,kelvin,20.01,MPa,0,1.2,0,0,mol/kg,1,mol/kg
Cruz - 2020,333.15,kelvin,29.97,MPa,0,1.2,0,0,mol/kg,1.04,mol/kg
Cruz - 2020,333.15,kelvin,39.97,MPa,0,1.2,0,0,mol/kg,1.13,mol/kg
Cruz - 2020,333.15,kelvin,6.09,MPa,0.2,0,0,0,mol/kg,0.74,mol/kg
Cruz - 2020,333.15,kelvin,10.5,MPa,0.2,0,0,0,mol/kg,1.01,mol/kg
Cruz - 2020,333.15,kelvin,20.08,MPa,0.2,0,0,0,mol/kg,1.26,mol/kg
Cruz - 2020,333.15,kelvin,30.06,MPa,0.2,0,0,0,mol/kg,1.33,mol/kg
Cruz - 2020,333.15,kelvin,40.02,MPa,0.2,0,0,0,mol/kg,1.45,mol/kg
Cruz - 2020,333.15,kelvin,6.06,MPa,0.2,1.2,0,0,mol/kg,0.58,mol/kg
Cruz - 2020,333.15,kelvin,10.01,MPa,0.2,1.2,0,0,mol/kg,0.81,mol/kg
Cruz - 2020,333.15,kelvin,20.07,MPa,0.2,1.2,0,0,mol/kg,0.97,mol/kg
Cruz - 2020,333.15,kelvin,30.02,MPa,0.2,1.2,0,0,mol/kg,1.06,mol/kg
Cruz - 2020,333.15,kelvin,40.05,MPa,0.2,1.2,0,0,mol/kg,1.14,mol/kg
Cruz - 2020,453.15,kelvin,6.03,MPa,0.2,1.2,0,0,mol/kg,0.3,mol/kg
Cruz - 2020,453.15,kelvin,10.08,MPa,0.2,1.2,0,0,mol/kg,0.52,mol/kg
Cruz - 2020,453.15,kelvin,20.05,MPa,0.2,1.2,0,0,mol/kg,0.91,mol/kg
Cruz - 2020,453.15,kelvin,30.04,MPa,0.2,1.2,0,0,mol/kg,1.21,mol/kg
Cruz - 2020,453.15,kelvin,40.07,MPa,0.2,1.2,0,0,mol/kg,1.3,mol/kg
Poulain - 2019,323,kelvin,1.01,MPa,0.2,1.2,0,0,mol/kg,0.1342,mol/kg
Poulain - 2019,323,kelvin,2.01,MPa,0.2,1.2,0,0,mol/kg,0.257,mol/kg
Poulain - 2019,323,kelvin,3.03,MPa,0.2,1.2,0,0,mol/kg,0.3773,mol/kg
Poulain - 2019,323,kelvin,4.02,MPa,0.2,1.2,0,0,mol/kg,0.4905,mol/kg
Poulain - 2019,323,kelvin,4.98,MPa,0.2,1.2,0,0,mol/kg,0.5783,mol/kg
Poulain - 2019,323,kelvin,9.92,MPa,0.2,1.2,0,0,mol/kg,0.88,mol/kg
Poulain - 2019,323,kelvin,15.03,MPa,0.2,1.2,0,0,mol/kg,0.9591,mol/kg
Poulain - 2019,323,kelvin,19.93,MPa,0.2,1.2,0,0,mol/kg,1.0061,mol/kg
Poulain - 2019,373,kelvin,1.05,MPa,0.2,1.2,0,0,mol/kg,0.074,mol/kg
Poulain - 2019,373,kelvin,2.01,MPa,0.2,1.2,0,0,mol/kg,0.142,mol/kg
Poulain - 2019,373,kelvin,3.02,MPa,0.2,1.2,0,0,mol/kg,0.2172,mol/kg
Poulain - 2019,373,kelvin,4.02,MPa,0.2,1.2,0,0,mol/kg,0.2801,mol/kg
Poulain - 2019,373,kelvin,5.09,MPa,0.2,1.2,0,0,mol/kg,0.3549,mol/kg
Poulain - 2019,373,kelvin,10.04,MPa,0.2,1.2,0,0,mol/kg,0.6281,mol/kg
Poulain - 2019,373,kelvin,15.1,MPa,0.2,1.2,0,0,mol/kg,0.8023,mol/kg
Poulain - 2019,373,kelvin,19.91,MPa,0.2,1.2,0,0,mol/kg,0.871,mol/kg
Poulain - 2019,423,kelvin,1.04,MPa,0.2,1.2,0,0,mol/kg,0.037,mol/kg
Poulain - 2019,423,kelvin,1.94,MPa,0.2,1.2,0,0,mol/kg,0.0925,mol/kg
Poulain - 2019,423,kelvin,3.04,MPa,0.2,1.2,0,0,mol/kg,0.1566,mol/kg
Poulain - 2019,423,kelvin,4.09,MPa,0.2,1.2,0,0,mol/kg,0.2287,mol/kg
Poulain - 2019,423,kelvin,5.09,MPa,0.2,1.2,0,0,mol/kg,0.282,mol/kg
Poulain - 2019,423,kelvin,10.08,MPa,0.2,1.2,0,0,mol/kg,0.525,mol/kg
Poulain - 2019,423,kelvin,15.12,MPa,0.2,1.2,0,0,mol/kg,0.7208,mol/kg
Poulain - 2019,423,kelvin,19.91,MPa,0.2,1.2,0,0,mol/kg,0.8694,mol/kg
Poulain - 2019,323,kelvin,1,MPa,0.2,1.2,0.1,0,mol/kg,0.1305,mol/kg
Poulain - 2019,323,kelvin,2.01,MPa,0.2,1.2,0.1,0,mol/kg,0.2667,mol/kg
Poulain - 2019,323,kelvin,3.01,MPa,0.2,1.2,0.1,0,mol/kg,0.3758,mol/kg
Poulain - 2019,323,kelvin,3.99,MPa,0.2,1.2,0.1,0,mol/kg,0.5003,mol/kg
Poulain - 2019,323,kelvin,5,MPa,0.2,1.2,0.1,0,mol/kg,0.5865,mol/kg
Poulain - 2019,323,kelvin,10.02,MPa,0.2,1.2,0.1,0,mol/kg,0.863,mol/kg
Poulain - 2019,323,kelvin,15.03,MPa,0.2,1.2,0.1,0,mol/kg,0.9057,mol/kg
Poulain - 2019,323,kelvin,19.97,MPa,0.2,1.2,0.1,0,mol/kg,0.9851,mol/kg
Poulain - 2019,373,kelvin,1.03,MPa,0.2,1.2,0.1,0,mol/kg,0.0696,mol/kg
Poulain - 2019,373,kelvin,2.05,MPa,0.2,1.2,0.1,0,mol/kg,0.1511,mol/kg
Poulain - 2019,373,kelvin,3.02,MPa,0.2,1.2,0.1,0,mol/kg,0.2156,mol/kg
Poulain - 2019,373,kelvin,4.04,MPa,0.2,1.2,0.1,0,mol/kg,0.284,mol/kg
Poulain - 2019,373,kelvin,5.09,MPa,0.2,1.2,0.1,0,mol/kg,0.3523,mol/kg
Poulain - 2019,373,kelvin,10.09,MPa,0.2,1.2,0.1,0,mol/kg,0.6036,mol/kg
Poulain - 2019,373,kelvin,15.09,MPa,0.2,1.2,0.1,0,mol/kg,0.7739,mol/kg
Poulain - 2019,373,kelvin,19.91,MPa,0.2,1.2,0.1,0,mol/kg,0.864,mol/kg
Poulain - 2019,423,kelvin,1.04,MPa,0.2,1.2,0.1,0,mol/kg,0.0372,mol/kg
Poulain - 2019,423,kelvin,2,MPa,0.2,1.2,0.1,0,mol/kg,0.0966,mol/kg
Poulain - 2019,423,kelvin,3.01,MPa,0.2,1.2,0.1,0,mol/kg,0.1595,mol/kg
Poulain - 2019,423,kelvin,4.05,MPa,0.2,1.2,0.1,0,mol/kg,0.2199,mol/kg
Poulain - 2019,423,kelvin,5.12,MPa,0.2,1.2,0.1,0,mol/kg,0.2804,mol/kg
Poulain - 2019,423,kelvin,10.08,MPa,0.2,1.2,0.1,0,mol/kg,0.5204,mol/kg
Poulain - 2019,423,kelvin,15.02,MPa,0.2,1.2,0.1,0,mol/kg,0.7152,mol/kg
Poulain - 2019,423,kelvin,19.92,MPa,0.2,1.2,0.1,0,mol/kg,0.8517,mol/kg
Shi - 2017 - Onda,298.15,kelvin,1.01,bar,0.19148,0,0,0,mol/kg,0.03151,mol/kg
Shi - 2017 - Onda,298.15,kelvin,1.01,bar,0.29234,0,0,0,mol/kg,0.030044,mol/kg
Shi - 2017 - Onda,298.15,kelvin,1.01,bar,0.41346,0,0,0,mol/kg,0.028438,mol/kg
Shi - 2017 - Onda,298.15,kelvin,1.01,bar,0.55486,0,0,0,mol/kg,0.026971,mol/kg
Shi - 2017 - Onda,298.15,kelvin,1.01,bar,0.83764,0,0,0,mol/kg,0.023968,mol/kg
Shi - 2017 - Onda,298.15,kelvin,1.01,bar,1.2723,0,0,0,mol/kg,0.020752,mol/kg
Shi - 2017 - Yasunishi,298.15,kelvin,1.01,bar,1.4643,0,0,0,mol/kg,0.019214,mol/kg
Shi - 2017 - Yasunishi,298.15,kelvin,1.01,bar,0.24191,0,0,0,mol/kg,0.030742,mol/kg
Shi - 2017 - Yasunishi,298.15,kelvin,1.01,bar,0.57512,0,0,0,mol/kg,0.026971,mol/kg
Shi - 2017 - Yasunishi,298.15,kelvin,1.01,bar,0.92851,0,0,0,mol/kg,0.022781,mol/kg
Shi - 2017 - Yasunishi,298.15,kelvin,1.01,bar,1.2923,0,0,0,mol/kg,0.019985,mol/kg
Shi - 2017 - Yasunishi,298.15,kelvin,1.01,bar,1.6766,0,0,0,mol/kg,0.017676,mol/kg
Shi - 2017 - Yasunishi,298.15,kelvin,1.01,bar,2.1417,0,0,0,mol/kg,0.014599,mol/kg
Shi - 2017 - Yasunishi,298.15,kelvin,1.01,bar,2.5769,0,0,0,mol/kg,0.013056,mol/kg
Shi - 2017 - Yasunishi,298.15,kelvin,1.01,bar,3.0525,0,0,0,mol/kg,0.01234,mol/kg
Shi - 2017 - Yasunishi,298.15,kelvin,1.01,bar,3.9028,0,0,0,mol/kg,0.0091954,mol/kg
Shi - 2017 - Yasunishi,298.15,kelvin,1.01,bar,4.3079,0,0,0,mol/kg,0.0085598,mol/kg
Shi - 2017 - Yasunishi,298.15,kelvin,1.01,bar,5.3005,0,0,0,mol/kg,0.008052,mol/kg
Messabeb - 2017,323.15,kelvin,5.07,MPa,1,0,0,0,mol/kg,0.568,mol/kg
Messabeb - 2017,323.15,kelvin,10,MPa,1,0,0,0,mol/kg,0.829,mol/kg
Messabeb - 2017,323.15,kelvin,15.01,MPa,1,0,0,0,mol/kg,0.885,mol/kg
Messabeb - 2017,323.15,kelvin,19.98,MPa,1,0,0,0,mol/kg,0.914,mol/kg
Messabeb - 2017,323.15,kelvin,5.09,MPa,3,0,0,0,mol/kg,0.29,mol/kg
Messabeb - 2017,323.15,kelvin,10.05,MPa,3,0,0,0,mol/kg,0.429,mol/kg
Messabeb - 2017,323.15,kelvin,15.02,MPa,3,0,0,0,mol/kg,0.469,mol/kg
Messabeb - 2017,323.15,kelvin,19.89,MPa,3,0,0,0,mol/kg,0.498,mol/kg
Messabeb - 2017,323.15,kelvin,5.09,MPa,6,0,0,0,mol/kg,0.172,mol/kg
Messabeb - 2017,323.15,kelvin,10.08,MPa,6,0,0,0,mol/kg,0.227,mol/kg
Messabeb - 2017,323.15,kelvin,14.98,MPa,6,0,0,0,mol/kg,0.247,mol/kg
Messabeb - 2017,323.15,kelvin,19.95,MPa,6,0,0,0,mol/kg,0.252,mol/kg
Messabeb - 2017,373.15,kelvin,5.16,MPa,1,0,0,0,mol/kg,0.337,mol/kg
Messabeb - 2017,373.15,kelvin,10.27,MPa,1,0,0,0,mol/kg,0.568,mol/kg
Messabeb - 2017,373.15,kelvin,15.17,MPa,1,0,0,0,mol/kg,0.715,mol/kg
Messabeb - 2017,373.15,kelvin,20.04,MPa,1,0,0,0,mol/kg,0.816,mol/kg
Messabeb - 2017,373.15,kelvin,5.04,MPa,3,0,0,0,mol/kg,0.191,mol/kg
Messabeb - 2017,373.15,kelvin,10.04,MPa,3,0,0,0,mol/kg,0.32,mol/kg
Messabeb - 2017,373.15,kelvin,15.02,MPa,3,0,0,0,mol/kg,0.387,mol/kg
Messabeb - 2017,373.15,kelvin,20.01,MPa,3,0,0,0,mol/kg,0.437,mol/kg
Messabeb - 2017,373.15,kelvin,5.24,MPa,6,0,0,0,mol/kg,0.108,mol/kg
Messabeb - 2017,373.15,kelvin,10.1,MPa,6,0,0,0,mol/kg,0.171,mol/kg
Messabeb - 2017,373.15,kelvin,15,MPa,6,0,0,0,mol/kg,0.211,mol/kg
Messabeb - 2017,373.15,kelvin,19.91,MPa,6,0,0,0,mol/kg,0.239,mol/kg
Messabeb - 2017,423.15,kelvin,5.13,MPa,1,0,0,0,mol/kg,0.26,mol/kg
Messabeb - 2017,423.15,kelvin,10.18,MPa,1,0,0,0,mol/kg,0.495,mol/kg
Messabeb - 2017,423.15,kelvin,15.12,MPa,1,0,0,0,mol/kg,0.658,mol/kg
Messabeb - 2017,423.15,kelvin,19.96,MPa,1,0,0,0,mol/kg,0.772,mol/kg
Messabeb - 2017,423.15,kelvin,5.13,MPa,3,0,0,0,mol/kg,0.14,mol/kg
Messabeb - 2017,423.15,kelvin,10.27,MPa,3,0,0,0,mol/kg,0.262,mol/kg
Messabeb - 2017,423.15,kelvin,15.12,MPa,3,0,0,0,mol/kg,0.348,mol/kg
Messabeb - 2017,423.15,kelvin,19.96,MPa,3,0,0,0,mol/kg,0.41,mol/kg
Messabeb - 2017,423.15,kelvin,5.1,MPa,6,0,0,0,mol/kg,0.087,mol/kg
Messabeb - 2017,423.15,kelvin,10.48,MPa,6,0,0,0,mol/kg,0.139,mol/kg
Messabeb - 2017,423.15,kelvin,15.29,MPa,6,0,0,0,mol/kg,0.18,mol/kg
Messabeb - 2017,423.15,kelvin,19.86,MPa,6,0,0,0,mol/kg,0.207,mol/kg
Jacob - 2016,297,kelvin,12.4,MPa,28.26,61.21,2.64,4.37,g/kg,0.94,mol/kg
Jacob - 2016,297,kelvin,12.06,MPa,28.26,61.21,2.64,4.37,g/kg,0.95,mol/kg
Jacob - 2016,297,kelvin,11.71,MPa,28.26,61.21,2.64,4.37,g/kg,1.01,mol/kg
Jacob - 2016,297,kelvin,11.2,MPa,28.26,61.21,2.64,4.37,g/kg,1.01,mol/kg
Jacob - 2016,297,kelvin,9.27,MPa,28.26,61.21,2.64,4.37,g/kg,1,mol/kg
Jacob - 2016,297,kelvin,8.96,MPa,28.26,61.21,2.64,4.37,g/kg,0.98,mol/kg
Jacob - 2016,297,kelvin,8.34,MPa,28.26,61.21,2.64,4.37,g/kg,0.98,mol/kg
Jacob - 2016,297,kelvin,7.75,MPa,28.26,61.21,2.64,4.37,g/kg,0.98,mol/kg
Jacob - 2016,297,kelvin,7.03,MPa,28.26,61.21,2.64,4.37,g/kg,0.99,mol/kg
Jacob - 2016,297,kelvin,7.03,MPa,28.26,61.21,2.64,4.37,g/kg,1.03,mol/kg
Jacob - 2016,297,kelvin,6.75,MPa,28.26,61.21,2.64,4.37,g/kg,1.01,mol/kg
Jacob - 2016,297,kelvin,6.61,MPa,28.26,61.21,2.64,4.37,g/kg,1,mol/kg
Jacob - 2016,297,kelvin,6.58,MPa,28.26,61.21,2.64,4.37,g/kg,1,mol/kg
Jacob - 2016,297,kelvin,6.37,MPa,28.26,61.21,2.64,4.37,g/kg,1,mol/kg
Jacob - 2016,297,kelvin,6.27,MPa,28.26,61.21,2.64,4.37,g/kg,0.98,mol/kg
Jacob - 2016,297,kelvin,6.1,MPa,28.26,61.21,2.64,4.37,g/kg,1,mol/kg
Jacob - 2016,297,kelvin,5.51,MPa,28.26,61.21,2.64,4.37,g/kg,0.97,mol/kg
Jacob - 2016,297,kelvin,5.44,MPa,28.26,61.21,2.64,4.37,g/kg,0.9,mol/kg
Jacob - 2016,297,kelvin,4.86,MPa,28.26,61.21,2.64,4.37,g/kg,0.93,mol/kg
Jacob - 2016,297,kelvin,4.82,MPa,28.26,61.21,2.64,4.37,g/kg,0.41,mol/kg
Jacob - 2016,297,kelvin,4.82,MPa,28.26,61.21,2.64,4.37,g/kg,0.73,mol/kg
Jacob - 2016,297,kelvin,4.62,MPa,28.26,61.21,2.64,4.37,g/kg,0.77,mol/kg
Jacob - 2016,297,kelvin,4.55,MPa,28.26,61.21,2.64,4.37,g/kg,0.72,mol/kg
Jacob - 2016,297,kelvin,4.17,MPa,28.26,61.21,2.64,4.37,g/kg,0.72,mol/kg
Jacob - 2016,297,kelvin,3.96,MPa,28.26,61.21,2.64,4.37,g/kg,0.77,mol/kg
Jacob - 2016,297,kelvin,3.45,MPa,28.26,61.21,2.64,4.37,g/kg,0.75,mol/kg
Jacob - 2016,297,kelvin,3.45,MPa,28.26,61.21,2.64,4.37,g/kg,0.74,mol/kg
Jacob - 2016,297,kelvin,2.76,MPa,28.26,61.21,2.64,4.37,g/kg,0.65,mol/kg
Jacob - 2016,297,kelvin,2.76,MPa,28.26,61.21,2.64,4.37,g/kg,0.66,mol/kg
Jacob - 2016,297,kelvin,2.07,MPa,28.26,61.21,2.64,4.37,g/kg,0.53,mol/kg
Jacob - 2016,297,kelvin,2.05,MPa,28.26,61.21,2.64,4.37,g/kg,0.53,mol/kg
Jacob - 2016,297,kelvin,1.41,MPa,28.26,61.21,2.64,4.37,g/kg,0.47,mol/kg
Jacob - 2016,297,kelvin,1.38,MPa,28.26,61.21,2.64,4.37,g/kg,0.41,mol/kg
Jacob - 2016,297,kelvin,0.69,MPa,28.26,61.21,2.64,4.37,g/kg,0.3,mol/kg
Jacob - 2016,297,kelvin,0.69,MPa,28.26,61.21,2.64,4.37,g/kg,0.29,mol/kg
Jacob - 2016,297,kelvin,14.12,MPa,37.68,81.62,3.52,5.84,g/kg,0.9,mol/kg
Jacob - 2016,297,kelvin,13.09,MPa,37.68,81.62,3.52,5.84,g/kg,0.92,mol/kg
Jacob - 2016,297,kelvin,12.82,MPa,37.68,81.62,3.52,5.84,g/kg,0.9,mol/kg
Jacob - 2016,297,kelvin,11.2,MPa,37.68,81.62,3.52,5.84,g/kg,0.91,mol/kg
Jacob - 2016,297,kelvin,9.99,MPa,37.68,81.62,3.52,5.84,g/kg,0.91,mol/kg
Jacob - 2016,297,kelvin,9.3,MPa,37.68,81.62,3.52,5.84,g/kg,0.87,mol/kg
Jacob - 2016,297,kelvin,8.1,MPa,37.68,81.62,3.52,5.84,g/kg,1.02,mol/kg
Jacob - 2016,297,kelvin,8.1,MPa,37.68,81.62,3.52,5.84,g/kg,0.89,mol/kg
Jacob - 2016,297,kelvin,8.03,MPa,37.68,81.62,3.52,5.84,g/kg,0.91,mol/kg
Jacob - 2016,297,kelvin,7.58,MPa,37.68,81.62,3.52,5.84,g/kg,0.94,mol/kg
Jacob - 2016,297,kelvin,7.1,MPa,37.68,81.62,3.52,5.84,g/kg,0.91,mol/kg
Jacob - 2016,297,kelvin,6.89,MPa,37.68,81.62,3.52,5.84,g/kg,0.93,mol/kg
Jacob - 2016,297,kelvin,6.75,MPa,37.68,81.62,3.52,5.84,g/kg,0.88,mol/kg
Jacob - 2016,297,kelvin,6.72,MPa,37.68,81.62,3.52,5.84,g/kg,0.93,mol/kg
Jacob - 2016,297,kelvin,6.51,MPa,37.68,81.62,3.52,5.84,g/kg,0.92,mol/kg
Jacob - 2016,297,kelvin,6.41,MPa,37.68,81.62,3.52,5.84,g/kg,0.89,mol/kg
Jacob - 2016,297,kelvin,6.37,MPa,37.68,81.62,3.52,5.84,g/kg,0.9,mol/kg
Jacob - 2016,297,kelvin,6.2,MPa,37.68,81.62,3.52,5.84,g/kg,0.91,mol/kg
Jacob - 2016,297,kelvin,6.17,MPa,37.68,81.62,3.52,5.84,g/kg,0.91,mol/kg
Jacob - 2016,297,kelvin,5.86,MPa,37.68,81.62,3.52,5.84,g/kg,0.88,mol/kg
Jacob - 2016,297,kelvin,5.37,MPa,37.68,81.62,3.52,5.84,g/kg,0.88,mol/kg
Jacob - 2016,297,kelvin,5.37,MPa,37.68,81.62,3.52,5.84,g/kg,0.87,mol/kg
Jacob - 2016,297,kelvin,4.86,MPa,37.68,81.62,3.52,5.84,g/kg,0.83,mol/kg
Jacob - 2016,297,kelvin,4.82,MPa,37.68,81.62,3.52,5.84,g/kg,0.8,mol/kg
Jacob - 2016,297,kelvin,4.82,MPa,37.68,81.62,3.52,5.84,g/kg,0.83,mol/kg
Jacob - 2016,297,kelvin,4.27,MPa,37.68,81.62,3.52,5.84,g/kg,0.44,mol/kg
Jacob - 2016,297,kelvin,4.13,MPa,37.68,81.62,3.52,5.84,g/kg,0.78,mol/kg
Jacob - 2016,297,kelvin,4.13,MPa,37.68,81.62,3.52,5.84,g/kg,0.77,mol/kg
Jacob - 2016,297,kelvin,4.1,MPa,37.68,81.62,3.52,5.84,g/kg,0.74,mol/kg
Jacob - 2016,297,kelvin,4.03,MPa,37.68,81.62,3.52,5.84,g/kg,0.79,mol/kg
Jacob - 2016,297,kelvin,3.79,MPa,37.68,81.62,3.52,5.84,g/kg,0.59,mol/kg
Jacob - 2016,297,kelvin,3.62,MPa,37.68,81.62,3.52,5.84,g/kg,0.7,mol/kg
Jacob - 2016,297,kelvin,3.51,MPa,37.68,81.62,3.52,5.84,g/kg,0.64,mol/kg
Jacob - 2016,297,kelvin,3.45,MPa,37.68,81.62,3.52,5.84,g/kg,0.64,mol/kg
Jacob - 2016,297,kelvin,3.45,MPa,37.68,81.62,3.52,5.84,g/kg,0.73,mol/kg
Jacob - 2016,297,kelvin,3.45,MPa,37.68,81.62,3.52,5.84,g/kg,0.75,mol/kg
Jacob - 2016,297,kelvin,3.41,MPa,37.68,81.62,3.52,5.84,g/kg,0.7,mol/kg
Jacob - 2016,297,kelvin,2.86,MPa,37.68,81.62,3.52,5.84,g/kg,0.59,mol/kg
Jacob - 2016,297,kelvin,2.82,MPa,37.68,81.62,3.52,5.84,g/kg,0.6,mol/kg
Jacob - 2016,297,kelvin,2.76,MPa,37.68,81.62,3.52,5.84,g/kg,0.56,mol/kg
Jacob - 2016,297,kelvin,2.76,MPa,37.68,81.62,3.52,5.84,g/kg,0.64,mol/kg
Jacob - 2016,297,kelvin,2.41,MPa,37.68,81.62,3.52,5.84,g/kg,0.54,mol/kg
Jacob - 2016,297,kelvin,2.07,MPa,37.68,81.62,3.52,5.84,g/kg,0.5,mol/kg
Jacob - 2016,297,kelvin,1.72,MPa,37.68,81.62,3.52,5.84,g/kg,0.45,mol/kg
Jacob - 2016,297,kelvin,1.55,MPa,37.68,81.62,3.52,5.84,g/kg,0.4,mol/kg
Jacob - 2016,297,kelvin,1.52,MPa,37.68,81.62,3.52,5.84,g/kg,0.37,mol/kg
Jacob - 2016,297,kelvin,1,MPa,37.68,81.62,3.52,5.84,g/kg,0.29,mol/kg
Jacob - 2016,297,kelvin,0.52,MPa,37.68,81.62,3.52,5.84,g/kg,0.22,mol/kg
Gilbert - 2016,60.5,celsius,2.02,MPa,0.1,0,0,0,mol/kg,0.29,mol/kg
Gilbert - 2016,62,celsius,4.47,MPa,0.1,0,0,0,mol/kg,0.65,mol/kg
Gilbert - 2016,70,celsius,2.92,MPa,1,0,0,0,mol/kg,0.38,mol/kg
Gilbert - 2016,56.2,celsius,7.25,MPa,1,0,0,0,mol/kg,0.81,mol/kg
Zhao - 2015,323,kelvin,15,MPa,0.333,0,0,0,mol/kg,1.094,mol/kg
Zhao - 2015,323,kelvin,15,MPa,0.667,0,0,0,mol/kg,0.965,mol/kg
Zhao - 2015,323,kelvin,15,MPa,1,0,0,0,mol/kg,0.853,mol/kg
Zhao - 2015,323,kelvin,15,MPa,1.333,0,0,0,mol/kg,0.746,mol/kg
Zhao - 2015,323,kelvin,15,MPa,1.667,0,0,0,mol/kg,0.663,mol/kg
Zhao - 2015,323,kelvin,15,MPa,2,0,0,0,mol/kg,0.618,mol/kg
Zhao - 2015,373,kelvin,15,MPa,0.333,0,0,0,mol/kg,0.898,mol/kg
Zhao - 2015,373,kelvin,15,MPa,0.667,0,0,0,mol/kg,0.777,mol/kg
Zhao - 2015,373,kelvin,15,MPa,1,0,0,0,mol/kg,0.683,mol/kg
Zhao - 2015,373,kelvin,15,MPa,1.333,0,0,0,mol/kg,0.614,mol/kg
Zhao - 2015,373,kelvin,15,MPa,0.667,0,0,0,mol/kg,0.544,mol/kg
Zhao - 2015,373,kelvin,15,MPa,2,0,0,0,mol/kg,0.491,mol/kg
Zhao - 2015,423,kelvin,15,MPa,0.333,0,0,0,mol/kg,0.866,mol/kg
Zhao - 2015,423,kelvin,15,MPa,0.667,0,0,0,mol/kg,0.723,mol/kg
Zhao - 2015,423,kelvin,15,MPa,1,0,0,0,mol/kg,0.632,mol/kg
Zhao - 2015,423,kelvin,15,MPa,1.333,0,0,0,mol/kg,0.55,mol/kg
Zhao - 2015,423,kelvin,15,MPa,1.667,0,0,0,mol/kg,0.49,mol/kg
Zhao - 2015,423,kelvin,15,MPa,2,0,0,0,mol/kg,0.442,mol/kg
Zhao - 2015,323,kelvin,15,MPa,0,0,0,0.5,mol/kg,1.174,mol/kg
Zhao - 2015,323,kelvin,15,MPa,0,0,0,1,mol/kg,1.112,mol/kg
Zhao - 2015,323,kelvin,15,MPa,0,0,0,2,mol/kg,1.005,mol/kg
Zhao - 2015,323,kelvin,15,MPa,0,0,0,3,mol/kg,0.929,mol/kg
Zhao - 2015,323,kelvin,15,MPa,0,0,0,4,mol/kg,0.88,mol/kg
Zhao - 2015,323,kelvin,15,MPa,0,0,0,4.5,mol/kg,0.855,mol/kg
Zhao - 2015,373,kelvin,15,MPa,0,0,0,0.5,mol/kg,0.941,mol/kg
Zhao - 2015,373,kelvin,15,MPa,0,0,0,1,mol/kg,0.895,mol/kg
Zhao - 2015,373,kelvin,15,MPa,0,0,0,2,mol/kg,0.805,mol/kg
Zhao - 2015,373,kelvin,15,MPa,0,0,0,3,mol/kg,0.74,mol/kg
Zhao - 2015,373,kelvin,15,MPa,0,0,0,4,mol/kg,0.683,mol/kg
Zhao - 2015,373,kelvin,15,MPa,0,0,0,4.5,mol/kg,0.657,mol/kg
Zhao - 2015,423,kelvin,15,MPa,0,0,0,0.5,mol/kg,0.881,mol/kg
Zhao - 2015,423,kelvin,15,MPa,0,0,0,1,mol/kg,0.816,mol/kg
Zhao - 2015,423,kelvin,15,MPa,0,0,0,2,mol/kg,0.724,mol/kg
Zhao - 2015,423,kelvin,15,MPa,0,0,0,3,mol/kg,0.651,mol/kg
Zhao - 2015,423,kelvin,15,MPa,0,0,0,4,mol/kg,0.593,mol/kg
Zhao - 2015,423,kelvin,15,MPa,0,0,0,4.5,mol/kg,0.565,mol/kg
Hamidi - 2015,35,celsius,0,MPa,1.67,1.67,1.67,0,wt%,0,wt%
Hamidi - 2015,35,celsius,2.0541,MPa,1.67,1.67,1.67,0,wt%,1.9033,wt%
Hamidi - 2015,35,celsius,3.7602,MPa,1.67,1.67,1.67,0,wt%,2.8822,wt%
Hamidi - 2015,35,celsius,6.0485,MPa,1.67,1.67,1.67,0,wt%,3.9335,wt%
Hamidi - 2015,35,celsius,8.0331,MPa,1.67,1.67,1.67,0,wt%,4.4592,wt%
Hamidi - 2015,35,celsius,10.06,MPa,1.67,1.67,1.67,0,wt%,4.6042,wt%
Hamidi - 2015,35,celsius,12.064,MPa,1.67,1.67,1.67,0,wt%,4.6949,wt%
Hamidi - 2015,35,celsius,14.133,MPa,1.67,1.67,1.67,0,wt%,4.7674,wt%
Hamidi - 2015,35,celsius,15.836,MPa,1.67,1.67,1.67,0,wt%,4.7855,wt%
Hamidi - 2015,35,celsius,0,MPa,3.33,3.33,3.33,0,wt%,0,wt%
Hamidi - 2015,35,celsius,2.3767,MPa,3.33,3.33,3.33,0,wt%,1.7039,wt%
Hamidi - 2015,35,celsius,4.3413,MPa,3.33,3.33,3.33,0,wt%,2.6465,wt%
Hamidi - 2015,35,celsius,6.348,MPa,3.33,3.33,3.33,0,wt%,3.3172,wt%
Hamidi - 2015,35,celsius,8.3535,MPa,3.33,3.33,3.33,0,wt%,3.6435,wt%
Hamidi - 2015,35,celsius,10.143,MPa,3.33,3.33,3.33,0,wt%,3.861,wt%
Hamidi - 2015,35,celsius,11.35,MPa,3.33,3.33,3.33,0,wt%,3.8792,wt%
Hamidi - 2015,35,celsius,13.312,MPa,3.33,3.33,3.33,0,wt%,3.9698,wt%
Hamidi - 2015,35,celsius,15.682,MPa,3.33,3.33,3.33,0,wt%,3.9765,wt%
Hamidi - 2015,35,celsius,0,MPa,4.77,4.77,4.77,0,wt%,0,wt%
Hamidi - 2015,35,celsius,2.1166,MPa,4.77,4.77,4.77,0,wt%,1.287,wt%
Hamidi - 2015,35,celsius,4.0377,MPa,4.77,4.77,4.77,0,wt%,2.139,wt%
Hamidi - 2015,35,celsius,6.0442,MPa,4.77,4.77,4.77,0,wt%,2.7553,wt%
Hamidi - 2015,35,celsius,7.0149,MPa,4.77,4.77,4.77,0,wt%,2.9909,wt%
Hamidi - 2015,35,celsius,9.063,MPa,4.77,4.77,4.77,0,wt%,3.1722,wt%
Hamidi - 2015,35,celsius,11.067,MPa,4.77,4.77,4.77,0,wt%,3.22266,wt%
Hamidi - 2015,35,celsius,13.568,MPa,4.77,4.77,4.77,0,wt%,3.281,wt%
Hamidi - 2015,35,celsius,15.551,MPa,4.77,4.77,4.77,0,wt%,3.3535,wt%
Hamidi - 2015,45,celsius,0,MPa,1.67,1.67,1.67,0,wt%,0,wt%
Hamidi - 2015,45,celsius,2.0316,MPa,1.67,1.67,1.67,0,wt%,1.6034,wt%
Hamidi - 2015,45,celsius,4.0632,MPa,1.67,1.67,1.67,0,wt%,2.6392,wt%
Hamidi - 2015,45,celsius,6.1174,MPa,1.67,1.67,1.67,0,wt%,3.4724,wt%
Hamidi - 2015,45,celsius,8.1038,MPa,1.67,1.67,1.67,0,wt%,4.0014,wt%
Hamidi - 2015,45,celsius,10.068,MPa,1.67,1.67,1.67,0,wt%,4.3075,wt%
Hamidi - 2015,45,celsius,12.122,MPa,1.67,1.67,1.67,0,wt%,4.4312,wt%
Hamidi - 2015,45,celsius,14.131,MPa,1.67,1.67,1.67,0,wt%,4.5143,wt%
Hamidi - 2015,45,celsius,15.801,MPa,1.67,1.67,1.67,0,wt%,4.5565,wt%
Hamidi - 2015,45,celsius,0,MPa,3.33,3.33,3.33,0,wt%,0,wt%
Hamidi - 2015,45,celsius,2.5959,MPa,3.33,3.33,3.33,0,wt%,1.5934,wt%
Hamidi - 2015,45,celsius,4.605,MPa,3.33,3.33,3.33,0,wt%,2.356,wt%
Hamidi - 2015,45,celsius,6.5463,MPa,3.33,3.33,3.33,0,wt%,2.9863,wt%
Hamidi - 2015,45,celsius,8.5779,MPa,3.33,3.33,3.33,0,wt%,3.3735,wt%
Hamidi - 2015,45,celsius,10.248,MPa,3.33,3.33,3.33,0,wt%,3.5171,wt%
Hamidi - 2015,45,celsius,11.516,MPa,3.33,3.33,3.33,0,wt%,3.6605,wt%
Hamidi - 2015,45,celsius,13.612,MPa,3.33,3.33,3.33,0,wt%,3.6827,wt%
Hamidi - 2015,45,celsius,15.553,MPa,3.33,3.33,3.33,0,wt%,3.7455,wt%
Hamidi - 2015,45,celsius,0,MPa,4.77,4.77,4.77,0,wt%,0,wt%
Hamidi - 2015,45,celsius,2.0993,MPa,4.77,4.77,4.77,0,wt%,1.0359,wt%
Hamidi - 2015,45,celsius,4.0858,MPa,4.77,4.77,4.77,0,wt%,1.8082,wt%
Hamidi - 2015,45,celsius,6.0722,MPa,4.77,4.77,4.77,0,wt%,2.3372,wt%
Hamidi - 2015,45,celsius,8.0813,MPa,4.77,4.77,4.77,0,wt%,2.6433,wt%
Hamidi - 2015,45,celsius,10.068,MPa,4.77,4.77,4.77,0,wt%,2.9899,wt%
Hamidi - 2015,45,celsius,13.025,MPa,4.77,4.77,4.77,0,wt%,3.074,wt%
Hamidi - 2015,45,celsius,14.063,MPa,4.77,4.77,4.77,0,wt%,3.1561,wt%
Hamidi - 2015,45,celsius,15.44,MPa,4.77,4.77,4.77,0,wt%,3.2386,wt%
Hamidi - 2015,55,celsius,0,MPa,1.67,1.67,1.67,0,wt%,0,wt%
Hamidi - 2015,55,celsius,2.1089,MPa,1.67,1.67,1.67,0,wt%,1.2807,wt%
Hamidi - 2015,55,celsius,4.1037,MPa,1.67,1.67,1.67,0,wt%,2.2982,wt%
Hamidi - 2015,55,celsius,6.0749,MPa,1.67,1.67,1.67,0,wt%,3.0526,wt%
Hamidi - 2015,55,celsius,8.045,MPa,1.67,1.67,1.67,0,wt%,3.5439,wt%
Hamidi - 2015,55,celsius,10.105,MPa,1.67,1.67,1.67,0,wt%,3.9123,wt%
Hamidi - 2015,55,celsius,12.075,MPa,1.67,1.67,1.67,0,wt%,4.1754,wt%
Hamidi - 2015,55,celsius,14.134,MPa,1.67,1.67,1.67,0,wt%,4.2281,wt%
Hamidi - 2015,55,celsius,15.785,MPa,1.67,1.67,1.67,0,wt%,4.2982,wt%
Hamidi - 2015,55,celsius,0,MPa,3.33,3.33,3.33,0,wt%,0,wt%
Hamidi - 2015,55,celsius,2.4028,MPa,3.33,3.33,3.33,0,wt%,1.2281,wt%
Hamidi - 2015,55,celsius,4.3514,MPa,3.33,3.33,3.33,0,wt%,2,wt%
Hamidi - 2015,55,celsius,6.3898,MPa,3.33,3.33,3.33,0,wt%,2.5789,wt%
Hamidi - 2015,55,celsius,8.3598,MPa,3.33,3.33,3.33,0,wt%,3.0175,wt%
Hamidi - 2015,55,celsius,10.397,MPa,3.33,3.33,3.33,0,wt%,3.2632,wt%
Hamidi - 2015,55,celsius,11.891,MPa,3.33,3.33,3.33,0,wt%,3.3684,wt%
Hamidi - 2015,55,celsius,13.611,MPa,3.33,3.33,3.33,0,wt%,3.5088,wt%
Hamidi - 2015,55,celsius,15.624,MPa,3.33,3.33,3.33,0,wt%,3.6188,wt%
Hamidi - 2015,55,celsius,0,MPa,4.77,4.77,4.77,0,wt%,0,wt%
Hamidi - 2015,55,celsius,2.0624,MPa,4.77,4.77,4.77,0,wt%,0.94737,wt%
Hamidi - 2015,55,celsius,3.58,MPa,4.77,4.77,4.77,0,wt%,1.4211,wt%
Hamidi - 2015,55,celsius,5.6183,MPa,4.77,4.77,4.77,0,wt%,1.9825,wt%
Hamidi - 2015,55,celsius,7.2937,MPa,4.77,4.77,4.77,0,wt%,2.2807,wt%
Hamidi - 2015,55,celsius,9.5803,MPa,4.77,4.77,4.77,0,wt%,2.7018,wt%
Hamidi - 2015,55,celsius,11.572,MPa,4.77,4.77,4.77,0,wt%,2.8596,wt%
Hamidi - 2015,55,celsius,13.676,MPa,4.77,4.77,4.77,0,wt%,2.9649,wt%
Hamidi - 2015,55,celsius,15.6,MPa,4.77,4.77,4.77,0,wt%,3,wt%
Hamidi - 2015,45,celsius,0,MPa,5,0,5,0,wt%,0,wt%
Hamidi - 2015,45,celsius,2.0883,MPa,5,0,5,0,wt%,1.3971,wt%
Hamidi - 2015,45,celsius,4.0397,MPa,5,0,5,0,wt%,2.3225,wt%
Hamidi - 2015,45,celsius,6.0571,MPa,5,0,5,0,wt%,3.0286,wt%
Hamidi - 2015,45,celsius,8.0726,MPa,5,0,5,0,wt%,3.3977,wt%
Hamidi - 2015,45,celsius,10.054,MPa,5,0,5,0,wt%,3.6826,wt%
Hamidi - 2015,45,celsius,12.102,MPa,5,0,5,0,wt%,3.782,wt%
Hamidi - 2015,45,celsius,14.149,MPa,5,0,5,0,wt%,3.8645,wt%
Hamidi - 2015,45,celsius,15.961,MPa,5,0,5,0,wt%,3.9304,wt%
Hamidi - 2015,45,celsius,0,MPa,3.33,3.33,3.33,0,wt%,0,wt%
Hamidi - 2015,45,celsius,2.5924,MPa,3.33,3.33,3.33,0,wt%,1.5316,wt%
Hamidi - 2015,45,celsius,4.5095,MPa,3.33,3.33,3.33,0,wt%,2.3221,wt%
Hamidi - 2015,45,celsius,6.5938,MPa,3.33,3.33,3.33,0,wt%,2.9945,wt%
Hamidi - 2015,45,celsius,8.6096,MPa,3.33,3.33,3.33,0,wt%,3.4141,wt%
Hamidi - 2015,45,celsius,10.221,MPa,3.33,3.33,3.33,0,wt%,3.5307,wt%
Hamidi - 2015,45,celsius,11.765,MPa,3.33,3.33,3.33,0,wt%,3.6474,wt%
Hamidi - 2015,45,celsius,13.645,MPa,3.33,3.33,3.33,0,wt%,3.6627,wt%
Hamidi - 2015,45,celsius,15.558,MPa,3.33,3.33,3.33,0,wt%,3.7285,wt%
Hamidi - 2015,45,celsius,0,MPa,5,5,0,0,wt%,0,wt%
Hamidi - 2015,45,celsius,2.5581,MPa,5,5,0,0,wt%,1.4136,wt%
Hamidi - 2015,45,celsius,4.6097,MPa,5,5,0,0,wt%,2.2377,wt%
Hamidi - 2015,45,celsius,6.6266,MPa,5,5,0,0,wt%,2.8596,wt%
Hamidi - 2015,45,celsius,8.6084,MPa,5,5,0,0,wt%,3.195,wt%
Hamidi - 2015,45,celsius,10.69,MPa,5,5,0,0,wt%,3.3955,wt%
Hamidi - 2015,45,celsius,12.502,MPa,5,5,0,0,wt%,3.4414,wt%
Hamidi - 2015,45,celsius,14.415,MPa,5,5,0,0,wt%,3.4598,wt%
Hamidi - 2015,45,celsius,15.993,MPa,5,5,0,0,wt%,3.5427,wt%
Hamidi - 2015,45,celsius,0,MPa,10,0,0,0,wt%,0,wt%
Hamidi - 2015,45,celsius,2.1244,MPa,10,0,0,0,wt%,1.1287,wt%
Hamidi - 2015,45,celsius,4.1116,MPa,10,0,0,0,wt%,2.0166,wt%
Hamidi - 2015,45,celsius,6.0967,MPa,10,0,0,0,wt%,2.5616,wt%
Hamidi - 2015,45,celsius,8.1476,MPa,10,0,0,0,wt%,3.02,wt%
Hamidi - 2015,45,celsius,10.129,MPa,10,0,0,0,wt%,3.3627,wt%
Hamidi - 2015,45,celsius,12.11,MPa,10,0,0,0,wt%,3.4314,wt%
Hamidi - 2015,45,celsius,14.09,MPa,10,0,0,0,wt%,3.4418,wt%
Hamidi - 2015,45,celsius,15.869,MPa,10,0,0,0,wt%,3.5211,wt%
Bastami - 2014,328.15,kelvin,68.9,bar,1.9,0,0,0,mol/l,0.007,molefraction
Bastami - 2014,328.15,kelvin,137.9,bar,1.9,0,0,0,mol/l,0.0095,molefraction
Bastami - 2014,328.15,kelvin,206.8,bar,1.9,0,0,0,mol/l,0.0103,molefraction
Bastami - 2014,348.15,kelvin,68.9,bar,1.9,0,0,0,mol/l,0.0063,molefraction
Bastami - 2014,348.15,kelvin,137.9,bar,1.9,0,0,0,mol/l,0.0089,molefraction
Bastami - 2014,348.15,kelvin,206.8,bar,1.9,0,0,0,mol/l,0.0099,molefraction
Bastami - 2014,351.65,kelvin,137.9,bar,1.9,0,0,0,mol/l,0.0088,molefraction
Bastami - 2014,368.15,kelvin,137.9,bar,1.9,0,0,0,mol/l,0.0083,molefraction
Bastami - 2014,368.15,kelvin,206.8,bar,1.9,0,0,0,mol/l,0.0096,molefraction
Bastami - 2014,375.15,kelvin,68.9,bar,1.9,0,0,0,mol/l,0.0058,molefraction
Bastami - 2014,375.15,kelvin,206.8,bar,1.9,0,0,0,mol/l,0.0096,molefraction
Bastami - 2014,328.15,kelvin,68.9,bar,4.8,0,0,0,mol/l,0.0032,molefraction
Bastami - 2014,328.15,kelvin,137.9,bar,4.8,0,0,0,mol/l,0.0049,molefraction
Bastami - 2014,328.15,kelvin,206.8,bar,4.8,0,0,0,mol/l,0.005,molefraction
Bastami - 2014,348.15,kelvin,137.9,bar,4.8,0,0,0,mol/l,0.0041,molefraction
Bastami - 2014,348.15,kelvin,206.8,bar,4.8,0,0,0,mol/l,0.0046,molefraction
Bastami - 2014,351.65,kelvin,68.9,bar,4.8,0,0,0,mol/l,0.003,molefraction
Bastami - 2014,351.65,kelvin,206.8,bar,4.8,0,0,0,mol/l,0.0045,molefraction
Bastami - 2014,368.15,kelvin,68.9,bar,4.8,0,0,0,mol/l,0.0026,molefraction
Bastami - 2014,368.15,kelvin,137.9,bar,4.8,0,0,0,mol/l,0.0039,molefraction
Bastami - 2014,368.15,kelvin,206.8,bar,4.8,0,0,0,mol/l,0.0045,molefraction
Bastami - 2014,375.15,kelvin,137.9,bar,4.8,0,0,0,mol/l,0.0038,molefraction
Tong - 2013,309.67,kelvin,1.53,MPa,1,0,0,0,mol/kg,0.0045,molefraction
Tong - 2013,309.28,kelvin,4.01,MPa,1,0,0,0,mol/kg,0.0104,molefraction
Tong - 2013,309.28,kelvin,7.67,MPa,1,0,0,0,mol/kg,0.0161,molefraction
Tong - 2013,344.67,kelvin,2.58,MPa,1,0,0,0,mol/kg,0.004,molefraction
Tong - 2013,344.35,kelvin,7.3,MPa,1,0,0,0,mol/kg,0.0098,molefraction
Tong - 2013,344.95,kelvin,31.02,MPa,1,0,0,0,mol/kg,0.0151,molefraction
Tong - 2013,374.7,kelvin,3.13,MPa,1,0,0,0,mol/kg,0.0038,molefraction
Tong - 2013,374.7,kelvin,10.02,MPa,1,0,0,0,mol/kg,0.0093,molefraction
Tong - 2013,374.88,kelvin,37.38,MPa,1,0,0,0,mol/kg,0.0161,molefraction
Tong - 2013,424.13,kelvin,4.39,MPa,1,0,0,0,mol/kg,0.0039,molefraction
Tong - 2013,424.1,kelvin,12.77,MPa,1,0,0,0,mol/kg,0.01,molefraction
Tong - 2013,424.43,kelvin,26.82,MPa,1,0,0,0,mol/kg,0.0158,molefraction
Tong - 2013,309.61,kelvin,2.73,MPa,3,0,0,0,mol/kg,0.0036,molefraction
Tong - 2013,309.63,kelvin,6.59,MPa,3,0,0,0,mol/kg,0.0078,molefraction
Tong - 2013,309.59,kelvin,26,MPa,3,0,0,0,mol/kg,0.0081,molefraction
Tong - 2013,344.8,kelvin,3.93,MPa,3,0,0,0,mol/kg,0.0032,molefraction
Tong - 2013,344.95,kelvin,13.91,MPa,3,0,0,0,mol/kg,0.0068,molefraction
Tong - 2013,345.08,kelvin,34.43,MPa,3,0,0,0,mol/kg,0.0078,molefraction
Tong - 2013,374.65,kelvin,5.99,MPa,3,0,0,0,mol/kg,0.0036,molefraction
Tong - 2013,374.8,kelvin,15.72,MPa,3,0,0,0,mol/kg,0.0064,molefraction
Tong - 2013,374.8,kelvin,33.45,MPa,3,0,0,0,mol/kg,0.0077,molefraction
Tong - 2013,424.4,kelvin,8.29,MPa,3,0,0,0,mol/kg,0.0038,molefraction
Tong - 2013,424.39,kelvin,27.11,MPa,3,0,0,0,mol/kg,0.0081,molefraction
Tong - 2013,424.38,kelvin,37.99,MPa,3,0,0,0,mol/kg,0.009,molefraction
Tong - 2013,309.7,kelvin,4.54,MPa,5,0,0,0,mol/kg,0.0031,molefraction
Tong - 2013,309.74,kelvin,23,MPa,5,0,0,0,mol/kg,0.0046,molefraction
Tong - 2013,308,kelvin,24.25,MPa,5,0,0,0,mol/kg,0.0049,molefraction
Tong - 2013,344.72,kelvin,6.12,MPa,5,0,0,0,mol/kg,0.0027,molefraction
Tong - 2013,344.7,kelvin,14.54,MPa,5,0,0,0,mol/kg,0.0036,molefraction
Tong - 2013,344.96,kelvin,34.52,MPa,5,0,0,0,mol/kg,0.0051,molefraction
Tong - 2013,374.72,kelvin,7.61,MPa,5,0,0,0,mol/kg,0.0027,molefraction
Tong - 2013,374.72,kelvin,16.91,MPa,5,0,0,0,mol/kg,0.004,molefraction
Tong - 2013,374.72,kelvin,34.25,MPa,5,0,0,0,mol/kg,0.0048,molefraction
Tong - 2013,424.43,kelvin,4.64,MPa,5,0,0,0,mol/kg,0.0014,molefraction
Tong - 2013,424.42,kelvin,10.53,MPa,5,0,0,0,mol/kg,0.0024,molefraction
Tong - 2013,424.64,kelvin,29.41,MPa,5,0,0,0,mol/kg,0.0048,molefraction
Tong - 2013,309.58,kelvin,1.25,MPa,0,0,0,1,mol/kg,0.0038,molefraction
Tong - 2013,309.58,kelvin,4.24,MPa,0,0,0,1,mol/kg,0.0108,molefraction
Tong - 2013,309.81,kelvin,7.74,MPa,0,0,0,1,mol/kg,0.0175,molefraction
Tong - 2013,343.9,kelvin,2.04,MPa,0,0,0,1,mol/kg,0.0034,molefraction
Tong - 2013,344.2,kelvin,7.62,MPa,0,0,0,1,mol/kg,0.001,molefraction
Tong - 2013,344.93,kelvin,30.58,MPa,0,0,0,1,mol/kg,0.0153,molefraction
Tong - 2013,374.24,kelvin,2.64,MPa,0,0,0,1,mol/kg,0.0029,molefraction
Tong - 2013,374.22,kelvin,10.25,MPa,0,0,0,1,mol/kg,0.01,molefraction
Tong - 2013,374.91,kelvin,34.93,MPa,0,0,0,1,mol/kg,0.0161,molefraction
Tong - 2013,424.03,kelvin,3.95,MPa,0,0,0,1,mol/kg,0.0035,molefraction
Tong - 2013,423.95,kelvin,12.63,MPa,0,0,0,1,mol/kg,0.0098,molefraction
Tong - 2013,424.63,kelvin,19.74,MPa,0,0,0,1,mol/kg,0.0131,molefraction
Tong - 2013,424.63,kelvin,28.37,MPa,0,0,0,1,mol/kg,0.0161,molefraction
Tong - 2013,310,kelvin,2.84,MPa,0,0,0,3,mol/kg,0.0036,molefraction
Tong - 2013,309.91,kelvin,6,MPa,0,0,0,3,mol/kg,0.0065,molefraction
Tong - 2013,309.91,kelvin,11.2,MPa,0,0,0,3,mol/kg,0.0079,molefraction
Tong - 2013,309.91,kelvin,20.72,MPa,0,0,0,3,mol/kg,0.0092,molefraction
Tong - 2013,345.06,kelvin,4.05,MPa,0,0,0,3,mol/kg,0.0032,molefraction
Tong - 2013,344.98,kelvin,13.12,MPa,0,0,0,3,mol/kg,0.0068,molefraction
Tong - 2013,345.01,kelvin,31.25,MPa,0,0,0,3,mol/kg,0.008,molefraction
Tong - 2013,374.84,kelvin,4.95,MPa,0,0,0,3,mol/kg,0.0033,molefraction
Tong - 2013,374.9,kelvin,15.16,MPa,0,0,0,3,mol/kg,0.0064,molefraction
Tong - 2013,374.83,kelvin,26.29,MPa,0,0,0,3,mol/kg,0.008,molefraction
Tong - 2013,424.6,kelvin,7.6,MPa,0,0,0,3,mol/kg,0.0033,molefraction
Tong - 2013,424.65,kelvin,19.2,MPa,0,0,0,3,mol/kg,0.0063,molefraction
Tong - 2013,424.68,kelvin,31.71,MPa,0,0,0,3,mol/kg,0.0079,molefraction
Tong - 2013,309.68,kelvin,3.5,MPa,0,0,0,5,mol/kg,0.0027,molefraction
Tong - 2013,309.74,kelvin,9,MPa,0,0,0,5,mol/kg,0.0049,molefraction
Tong - 2013,309.52,kelvin,31.02,MPa,0,0,0,5,mol/kg,0.0056,molefraction
Tong - 2013,344.68,kelvin,5.8,MPa,0,0,0,5,mol/kg,0.0028,molefraction
Tong - 2013,344.68,kelvin,6,MPa,0,0,0,5,mol/kg,0.0028,molefraction
Tong - 2013,344.68,kelvin,13.09,MPa,0,0,0,5,mol/kg,0.0037,molefraction
Tong - 2013,344.68,kelvin,31.2,MPa,0,0,0,5,mol/kg,0.0047,molefraction
Tong - 2013,374.72,kelvin,7.55,MPa,0,0,0,5,mol/kg,0.0026,molefraction
Tong - 2013,374.68,kelvin,15.6,MPa,0,0,0,5,mol/kg,0.0038,molefraction
Tong - 2013,375.02,kelvin,20.58,MPa,0,0,0,5,mol/kg,0.0041,molefraction
Tong - 2013,424.39,kelvin,4.7,MPa,0,0,0,5,mol/kg,0.0013,molefraction
Tong - 2013,424.33,kelvin,10.34,MPa,0,0,0,5,mol/kg,0.0023,molefraction
Tong - 2013,424.49,kelvin,16.18,MPa,0,0,0,5,mol/kg,0.0035,molefraction
Liu - 2011,35,celsius,2.06,MPa,1.667,1.667,1.667,0,wt%,1.84,wt%
Liu - 2011,35,celsius,3.79,MPa,1.667,1.667,1.667,0,wt%,2.91,wt%
Liu - 2011,35,celsius,6.07,MPa,1.667,1.667,1.667,0,wt%,3.93,wt%
Liu - 2011,35,celsius,8.05,MPa,1.667,1.667,1.667,0,wt%,4.46,wt%
Liu - 2011,35,celsius,10.06,MPa,1.667,1.667,1.667,0,wt%,4.61,wt%
Liu - 2011,35,celsius,12.06,MPa,1.667,1.667,1.667,0,wt%,4.66,wt%
Liu - 2011,35,celsius,14.07,MPa,1.667,1.667,1.667,0,wt%,4.76,wt%
Liu - 2011,35,celsius,15.84,MPa,1.667,1.667,1.667,0,wt%,4.78,wt%
Liu - 2011,35,celsius,2.37,MPa,3.334,3.334,3.334,0,wt%,1.7,wt%
Liu - 2011,35,celsius,4.35,MPa,3.334,3.334,3.334,0,wt%,2.64,wt%
Liu - 2011,35,celsius,6.38,MPa,3.334,3.334,3.334,0,wt%,3.35,wt%
Liu - 2011,35,celsius,8.38,MPa,3.334,3.334,3.334,0,wt%,3.7,wt%
Liu - 2011,35,celsius,1.15,MPa,3.334,3.334,3.334,0,wt%,3.86,wt%
Liu - 2011,35,celsius,11.37,MPa,3.334,3.334,3.334,0,wt%,3.87,wt%
Liu - 2011,35,celsius,13.3,MPa,3.334,3.334,3.334,0,wt%,3.97,wt%
Liu - 2011,35,celsius,15.68,MPa,3.334,3.334,3.334,0,wt%,4,wt%
Liu - 2011,35,celsius,1.34,MPa,4.7667,4.7667,4.7667,0,wt%,0.9,wt%
Liu - 2011,35,celsius,2.08,MPa,4.7667,4.7667,4.7667,0,wt%,1.27,wt%
Liu - 2011,35,celsius,3,MPa,4.7667,4.7667,4.7667,0,wt%,1.69,wt%
Liu - 2011,35,celsius,4.07,MPa,4.7667,4.7667,4.7667,0,wt%,2.13,wt%
Liu - 2011,35,celsius,5.08,MPa,4.7667,4.7667,4.7667,0,wt%,2.43,wt%
Liu - 2011,35,celsius,6.04,MPa,4.7667,4.7667,4.7667,0,wt%,2.74,wt%
Liu - 2011,35,celsius,7.03,MPa,4.7667,4.7667,4.7667,0,wt%,2.97,wt%
Liu - 2011,35,celsius,9.06,MPa,4.7667,4.7667,4.7667,0,wt%,3.13,wt%
Liu - 2011,35,celsius,11.07,MPa,4.7667,4.7667,4.7667,0,wt%,3.21,wt%
Liu - 2011,35,celsius,13.6,MPa,4.7667,4.7667,4.7667,0,wt%,3.29,wt%
Liu - 2011,35,celsius,15.56,MPa,4.7667,4.7667,4.7667,0,wt%,3.35,wt%
Liu - 2011,45,celsius,2.08,MPa,1.667,1.667,1.667,0,wt%,1.55,wt%
Liu - 2011,45,celsius,4.08,MPa,1.667,1.667,1.667,0,wt%,2.6,wt%
Liu - 2011,45,celsius,6.1,MPa,1.667,1.667,1.667,0,wt%,3.43,wt%
Liu - 2011,45,celsius,8.08,MPa,1.667,1.667,1.667,0,wt%,3.97,wt%
Liu - 2011,45,celsius,10.08,MPa,1.667,1.667,1.667,0,wt%,4.24,wt%
Liu - 2011,45,celsius,12.06,MPa,1.667,1.667,1.667,0,wt%,4.35,wt%
Liu - 2011,45,celsius,14.06,MPa,1.667,1.667,1.667,0,wt%,4.46,wt%
Liu - 2011,45,celsius,15.84,MPa,1.667,1.667,1.667,0,wt%,4.53,wt%
Liu - 2011,45,celsius,2.58,MPa,3.334,3.334,3.334,0,wt%,1.54,wt%
Liu - 2011,45,celsius,4.54,MPa,3.334,3.334,3.334,0,wt%,2.33,wt%
Liu - 2011,45,celsius,6.55,MPa,3.334,3.334,3.334,0,wt%,2.99,wt%
Liu - 2011,45,celsius,8.59,MPa,3.334,3.334,3.334,0,wt%,3.37,wt%
Liu - 2011,45,celsius,10.25,MPa,3.334,3.334,3.334,0,wt%,3.52,wt%
Liu - 2011,45,celsius,11.71,MPa,3.334,3.334,3.334,0,wt%,3.63,wt%
Liu - 2011,45,celsius,13.61,MPa,3.334,3.334,3.334,0,wt%,3.69,wt%
Liu - 2011,45,celsius,15.57,MPa,3.334,3.334,3.334,0,wt%,3.73,wt%
Liu - 2011,45,celsius,2.07,MPa,4.7667,4.7667,4.7667,0,wt%,1.06,wt%
Liu - 2011,45,celsius,4.06,MPa,4.7667,4.7667,4.7667,0,wt%,1.81,wt%
Liu - 2011,45,celsius,6.07,MPa,4.7667,4.7667,4.7667,0,wt%,2.37,wt%
Liu - 2011,45,celsius,8.08,MPa,4.7667,4.7667,4.7667,0,wt%,2.67,wt%
Liu - 2011,45,celsius,10.07,MPa,4.7667,4.7667,4.7667,0,wt%,2.94,wt%
Liu - 2011,45,celsius,13.04,MPa,4.7667,4.7667,4.7667,0,wt%,3.08,wt%
Liu - 2011,45,celsius,14.02,MPa,4.7667,4.7667,4.7667,0,wt%,3.12,wt%
Liu - 2011,45,celsius,15.46,MPa,4.7667,4.7667,4.7667,0,wt%,3.18,wt%
Liu - 2011,55,celsius,2.08,MPa,1.667,1.667,1.667,0,wt%,1.24,wt%
Liu - 2011,55,celsius,4.09,MPa,1.667,1.667,1.667,0,wt%,2.25,wt%
Liu - 2011,55,celsius,6.09,MPa,1.667,1.667,1.667,0,wt%,3.03,wt%
Liu - 2011,55,celsius,8.05,MPa,1.667,1.667,1.667,0,wt%,3.52,wt%
Liu - 2011,55,celsius,10.09,MPa,1.667,1.667,1.667,0,wt%,3.88,wt%
Liu - 2011,55,celsius,12.06,MPa,1.667,1.667,1.667,0,wt%,4.12,wt%
Liu - 2011,55,celsius,14.08,MPa,1.667,1.667,1.667,0,wt%,4.22,wt%
Liu - 2011,55,celsius,15.85,MPa,1.667,1.667,1.667,0,wt%,4.27,wt%
Liu - 2011,55,celsius,2.35,MPa,3.334,3.334,3.334,0,wt%,1.22,wt%
Liu - 2011,55,celsius,4.41,MPa,3.334,3.334,3.334,0,wt%,2.01,wt%
Liu - 2011,55,celsius,6.43,MPa,3.334,3.334,3.334,0,wt%,2.58,wt%
Liu - 2011,55,celsius,8.42,MPa,3.334,3.334,3.334,0,wt%,3.01,wt%
Liu - 2011,55,celsius,10.41,MPa,3.334,3.334,3.334,0,wt%,3.29,wt%
Liu - 2011,55,celsius,11.85,MPa,3.334,3.334,3.334,0,wt%,3.36,wt%
Liu - 2011,55,celsius,13.6,MPa,3.334,3.334,3.334,0,wt%,3.5,wt%
Liu - 2011,55,celsius,15.6,MPa,3.334,3.334,3.334,0,wt%,3.58,wt%
Liu - 2011,55,celsius,2.06,MPa,4.7667,4.7667,4.7667,0,wt%,0.92,wt%
Liu - 2011,55,celsius,3.59,MPa,4.7667,4.7667,4.7667,0,wt%,1.42,wt%
Liu - 2011,55,celsius,5.6,MPa,4.7667,4.7667,4.7667,0,wt%,1.98,wt%
Liu - 2011,55,celsius,7.3,MPa,4.7667,4.7667,4.7667,0,wt%,2.28,wt%
Liu - 2011,55,celsius,9.56,MPa,4.7667,4.7667,4.7667,0,wt%,2.69,wt%
Liu - 2011,55,celsius,11.55,MPa,4.7667,4.7667,4.7667,0,wt%,2.84,wt%
Liu - 2011,55,celsius,13.67,MPa,4.7667,4.7667,4.7667,0,wt%,2.93,wt%
Liu - 2011,55,celsius,15.64,MPa,4.7667,4.7667,4.7667,0,wt%,2.98,wt%
Liu - 2011,45,celsius,2.09,MPa,10,0,0,0,wt%,1.26,wt%
Liu - 2011,45,celsius,4.08,MPa,10,0,0,0,wt%,2.11,wt%
Liu - 2011,45,celsius,6.07,MPa,10,0,0,0,wt%,2.74,wt%
Liu - 2011,45,celsius,8.08,MPa,10,0,0,0,wt%,3.14,wt%
Liu - 2011,45,celsius,10.09,MPa,10,0,0,0,wt%,3.38,wt%
Liu - 2011,45,celsius,12.08,MPa,10,0,0,0,wt%,3.47,wt%
Liu - 2011,45,celsius,14.02,MPa,10,0,0,0,wt%,3.53,wt%
Liu - 2011,45,celsius,15.86,MPa,10,0,0,0,wt%,3.6,wt%
Liu - 2011,45,celsius,2.46,MPa,5,5,0,0,wt%,1.44,wt%
Liu - 2011,45,celsius,4.58,MPa,5,5,0,0,wt%,2.25,wt%
Liu - 2011,45,celsius,6.58,MPa,5,5,0,0,wt%,2.85,wt%
Liu - 2011,45,celsius,8.58,MPa,5,5,0,0,wt%,3.19,wt%
Liu - 2011,45,celsius,10.56,MPa,5,5,0,0,wt%,3.37,wt%
Liu - 2011,45,celsius,12.43,MPa,5,5,0,0,wt%,3.44,wt%
Liu - 2011,45,celsius,14.45,MPa,5,5,0,0,wt%,3.49,wt%
Liu - 2011,45,celsius,16.02,MPa,5,5,0,0,wt%,3.58,wt%
Liu - 2011,45,celsius,2.09,MPa,5,0,5,0,wt%,1.36,wt%
Liu - 2011,45,celsius,4.08,MPa,5,0,5,0,wt%,2.3,wt%
Liu - 2011,45,celsius,6.09,MPa,5,0,5,0,wt%,3.02,wt%
Liu - 2011,45,celsius,8.09,MPa,5,0,5,0,wt%,3.41,wt%
Liu - 2011,45,celsius,10.09,MPa,5,0,5,0,wt%,3.68,wt%
Liu - 2011,45,celsius,12.08,MPa,5,0,5,0,wt%,3.77,wt%
Liu - 2011,45,celsius,14.08,MPa,5,0,5,0,wt%,3.88,wt%
Liu - 2011,45,celsius,15.87,MPa,5,0,5,0,wt%,3.93,wt%
Prutton - 1945,121,celsius,703,atm,10.1,0,0,0,wt%,0.0193,molefraction
Prutton - 1945,121,celsius,621,atm,10.1,0,0,0,wt%,0.0181,molefraction
Prutton - 1945,121,celsius,585,atm,10.1,0,0,0,wt%,0.0184,molefraction
Prutton - 1945,121,celsius,460,atm,10.1,0,0,0,wt%,0.0167,molefraction
Prutton - 1945,121,celsius,437,atm,10.1,0,0,0,wt%,0.0168,molefraction
Prutton - 1945,121,celsius,300,atm,10.1,0,0,0,wt%,0.0148,molefraction
Prutton - 1945,121,celsius,297,atm,10.1,0,0,0,wt%,0.0148,molefraction
Prutton - 1945,121,celsius,153,atm,10.1,0,0,0,wt%,0.0111,molefraction
Prutton - 1945,121,celsius,149,atm,10.1,0,0,0,wt%,0.0113,molefraction
Prutton - 1945,121,celsius,77,atm,10.1,0,0,0,wt%,0.0069,molefraction
Prutton - 1945,121,celsius,76,atm,10.1,0,0,0,wt%,0.0061,molefraction
Prutton - 1945,121,celsius,21,atm,10.1,0,0,0,wt%,0.0027,molefraction
Prutton - 1945,121,celsius,21,atm,10.1,0,0,0,wt%,0.0027,molefraction
Prutton - 1945,76,celsius,625,atm,30.2,0,0,0,wt%,0.0069,molefraction
Prutton - 1945,76,celsius,554,atm,30.2,0,0,0,wt%,0.007,molefraction
Prutton - 1945,76,celsius,525,atm,30.2,0,0,0,wt%,0.007,molefraction
Prutton - 1945,76,celsius,455,atm,30.2,0,0,0,wt%,0.0066,molefraction
Prutton - 1945,76,celsius,431,atm,30.2,0,0,0,wt%,0.0067,molefraction
Prutton - 1945,76,celsius,319,atm,30.2,0,0,0,wt%,0.0061,molefraction
Prutton - 1945,76,celsius,314,atm,30.2,0,0,0,wt%,0.006,molefraction
Prutton - 1945,76,celsius,163,atm,30.2,0,0,0,wt%,0.0051,molefraction
Prutton - 1945,76,celsius,161,atm,30.2,0,0,0,wt%,0.0052,molefraction
Prutton - 1945,76,celsius,74,atm,30.2,0,0,0,wt%,0.0037,molefraction
Prutton - 1945,76,celsius,73,atm,30.2,0,0,0,wt%,0.0036,molefraction
Prutton - 1945,76,celsius,15,atm,30.2,0,0,0,wt%,0.0009,molefraction
Prutton - 1945,76,celsius,15,atm,30.2,0,0,0,wt%,0.0009,molefraction
Prutton - 1945,76,celsius,600,atm,20.2,0,0,0,wt%,0.0118,molefraction
Prutton - 1945,76,celsius,572,atm,20.2,0,0,0,wt%,0.0117,molefraction
Prutton - 1945,76,celsius,460,atm,20.2,0,0,0,wt%,0.0108,molefraction
Prutton - 1945,76,celsius,454,atm,20.2,0,0,0,wt%,0.0107,molefraction
Prutton - 1945,76,celsius,290,atm,20.2,0,0,0,wt%,0.0098,molefraction
Prutton - 1945,76,celsius,282,atm,20.2,0,0,0,wt%,0.0097,molefraction
Prutton - 1945,76,celsius,166,atm,20.2,0,0,0,wt%,0.0086,molefraction
Prutton - 1945,76,celsius,165,atm,20.2,0,0,0,wt%,0.0088,molefraction
Prutton - 1945,76,celsius,73,atm,20.2,0,0,0,wt%,0.006,molefraction
Prutton - 1945,76,celsius,73,atm,20.2,0,0,0,wt%,0.0058,molefraction
Prutton - 1945,76,celsius,23,atm,20.2,0,0,0,wt%,0.0022,molefraction
Prutton - 1945,76,celsius,22,atm,20.2,0,0,0,wt%,0.0022,molefraction
Prutton - 1945,101,celsius,630,atm,30.2,0,0,0,wt%,0.0071,molefraction
Prutton - 1945,101,celsius,525,atm,30.2,0,0,0,wt%,0.007,molefraction
Prutton - 1945,101,celsius,402,atm,30.2,0,0,0,wt%,0.0063,molefraction
Prutton - 1945,101,celsius,389,atm,30.2,0,0,0,wt%,0.0064,molefraction
Prutton - 1945,101,celsius,388,atm,30.2,0,0,0,wt%,0.0064,molefraction
Prutton - 1945,101,celsius,261,atm,30.2,0,0,0,wt%,0.0058,molefraction
Prutton - 1945,101,celsius,238,atm,30.2,0,0,0,wt%,0.0052,molefraction
Prutton - 1945,101,celsius,234,atm,30.2,0,0,0,wt%,0.0054,molefraction
Prutton - 1945,101,celsius,154,atm,30.2,0,0,0,wt%,0.0049,molefraction
Prutton - 1945,101,celsius,151,atm,30.2,0,0,0,wt%,0.0047,molefraction
Prutton - 1945,101,celsius,76,atm,30.2,0,0,0,wt%,0.0033,molefraction
Prutton - 1945,101,celsius,74,atm,30.2,0,0,0,wt%,0.0031,molefraction
Prutton - 1945,75.5,celsius,620,atm,10.1,0,0,0,wt%,0.0192,molefraction
Prutton - 1945,75.5,celsius,585,atm,10.1,0,0,0,wt%,0.0184,molefraction
Prutton - 1945,75.5,celsius,446,atm,10.1,0,0,0,wt%,0.0168,molefraction
Prutton - 1945,75.5,celsius,426,atm,10.1,0,0,0,wt%,0.017,molefraction
Prutton - 1945,75.5,celsius,328,atm,10.1,0,0,0,wt%,0.0158,molefraction
Prutton - 1945,75.5,celsius,310,atm,10.1,0,0,0,wt%,0.0154,molefraction
Prutton - 1945,75.5,celsius,163,atm,10.1,0,0,0,wt%,0.0133,molefraction
Prutton - 1945,75.5,celsius,162,atm,10.1,0,0,0,wt%,0.0133,molefraction
Prutton - 1945,75.5,celsius,63,atm,10.1,0,0,0,wt%,0.0083,molefraction
Prutton - 1945,75.5,celsius,62,atm,10.1,0,0,0,wt%,0.0081,molefraction
Prutton - 1945,75.5,celsius,16,atm,10.1,0,0,0,wt%,0.0027,molefraction
Prutton - 1945,75.5,celsius,16,atm,10.1,0,0,0,wt%,0.0026,molefraction
Prutton - 1945,101,celsius,648,atm,20.2,0,0,0,wt%,0.0123,molefraction
Prutton - 1945,101,celsius,574,atm,20.2,0,0,0,wt%,0.0118,molefraction
Prutton - 1945,101,celsius,566,atm,20.2,0,0,0,wt%,0.0116,molefraction
Prutton - 1945,101,celsius,292,atm,20.2,0,0,0,wt%,0.0099,molefraction
Prutton - 1945,101,celsius,290,atm,20.2,0,0,0,wt%,0.0097,molefraction
Prutton - 1945,101,celsius,170,atm,20.2,0,0,0,wt%,0.0083,molefraction
Prutton - 1945,101,celsius,169,atm,20.2,0,0,0,wt%,0.0084,molefraction
Prutton - 1945,101,celsius,142,atm,20.2,0,0,0,wt%,0.0074,molefraction
Prutton - 1945,101,celsius,142,atm,20.2,0,0,0,wt%,0.0074,molefraction
Prutton - 1945,101,celsius,91,atm,20.2,0,0,0,wt%,0.0058,molefraction
Prutton - 1945,101,celsius,88,atm,20.2,0,0,0,wt%,0.0059,molefraction
Prutton - 1945,101,celsius,23,atm,20.2,0,0,0,wt%,0.0018,molefraction
Prutton - 1945,101,celsius,23,atm,20.2,0,0,0,wt%,0.0017,molefraction
Prutton - 1945,121,celsius,665,atm,30.2,0,0,0,wt%,0.0074,molefraction
Prutton - 1945,121,celsius,510,atm,30.2,0,0,0,wt%,0.0069,molefraction
Prutton - 1945,121,celsius,494,atm,30.2,0,0,0,wt%,0.0065,molefraction
Prutton - 1945,121,celsius,468,atm,30.2,0,0,0,wt%,0.0061,molefraction
Prutton - 1945,121,celsius,450,atm,30.2,0,0,0,wt%,0.0063,molefraction
Prutton - 1945,121,celsius,302,atm,30.2,0,0,0,wt%,0.0058,molefraction
Prutton - 1945,121,celsius,296,atm,30.2,0,0,0,wt%,0.0058,molefraction
Prutton - 1945,121,celsius,150,atm,30.2,0,0,0,wt%,0.0045,molefraction
Prutton - 1945,121,celsius,148,atm,30.2,0,0,0,wt%,0.0045,molefraction
Prutton - 1945,121,celsius,85,atm,30.2,0,0,0,wt%,0.0031,molefraction
Prutton - 1945,121,celsius,83,atm,30.2,0,0,0,wt%,0.0031,molefraction
Prutton - 1945,101,celsius,618,atm,10.1,0,0,0,wt%,0.0186,molefraction
Prutton - 1945,101,celsius,575,atm,10.1,0,0,0,wt%,0.0185,molefraction
Prutton - 1945,101,celsius,500,atm,10.1,0,0,0,wt%,0.0174,molefraction
Prutton - 1945,101,celsius,394,atm,10.1,0,0,0,wt%,0.0168,molefraction
Prutton - 1945,101,celsius,380,atm,10.1,0,0,0,wt%,0.0165,molefraction
Prutton - 1945,101,celsius,352,atm,10.1,0,0,0,wt%,0.0159,molefraction
Prutton - 1945,101,celsius,348,atm,10.1,0,0,0,wt%,0.0162,molefraction
Prutton - 1945,101,celsius,286,atm,10.1,0,0,0,wt%,0.0152,molefraction
Prutton - 1945,101,celsius,286,atm,10.1,0,0,0,wt%,0.0147,molefraction
Prutton - 1945,101,celsius,213,atm,10.1,0,0,0,wt%,0.014,molefraction
Prutton - 1945,101,celsius,213,atm,10.1,0,0,0,wt%,0.0135,molefraction
Prutton - 1945,101,celsius,120,atm,10.1,0,0,0,wt%,0.0113,molefraction
Prutton - 1945,101,celsius,120,atm,10.1,0,0,0,wt%,0.0112,molefraction
Prutton - 1945,101,celsius,56,atm,10.1,0,0,0,wt%,0.0081,molefraction
Prutton - 1945,101,celsius,17,atm,10.1,0,0,0,wt%,0.0022,molefraction
Prutton - 1945,101,celsius,17,atm,10.1,0,0,0,wt%,0.0021,molefraction
Prutton - 1945,121,celsius,659,atm,20.2,0,0,0,wt%,0.0115,molefraction
Prutton - 1945,121,celsius,636,atm,20.2,0,0,0,wt%,0.0115,molefraction
Prutton - 1945,121,celsius,602,atm,20.2,0,0,0,wt%,0.0117,molefraction
Prutton - 1945,121,celsius,506,atm,20.2,0,0,0,wt%,0.0113,molefraction
Prutton - 1945,121,celsius,491,atm,20.2,0,0,0,wt%,0.011,molefraction
Prutton - 1945,121,celsius,464,atm,20.2,0,0,0,wt%,0.011,molefraction
Prutton - 1945,121,celsius,282,atm,20.2,0,0,0,wt%,0.0094,molefraction
Prutton - 1945,121,celsius,280,atm,20.2,0,0,0,wt%,0.0094,molefraction
Prutton - 1945,121,celsius,150,atm,20.2,0,0,0,wt%,0.0073,molefraction
Prutton - 1945,121,celsius,150,atm,20.2,0,0,0,wt%,0.0073,molefraction
Prutton - 1945,121,celsius,63,atm,20.2,0,0,0,wt%,0.0039,molefraction
Prutton - 1945,121,celsius,63,atm,20.2,0,0,0,wt%,0.0039,molefraction
Prutton - 1945,121,celsius,25,atm,20.2,0,0,0,wt%,0.0019,molefraction
Prutton - 1945,121,celsius,25,atm,20.2,0,0,0,wt%,0.0017,molefraction
Prutton - 1945,120,celsius,874,atm,10.1,0,0,0,wt%,0.0212,molefraction
Prutton - 1945,120,celsius,830,atm,10.1,0,0,0,wt%,0.022,molefraction
Prutton - 1945,120,celsius,655,atm,10.1,0,0,0,wt%,0.0198,molefraction
Prutton - 1945,120,celsius,643,atm,10.1,0,0,0,wt%,0.0195,molefraction
Prutton - 1945,120,celsius,492,atm,10.1,0,0,0,wt%,0.0184,molefraction
Prutton - 1945,120,celsius,480,atm,10.1,0,0,0,wt%,0.0179,molefraction
Prutton - 1945,120,celsius,318,atm,10.1,0,0,0,wt%,0.0159,molefraction
Prutton - 1945,120,celsius,309,atm,10.1,0,0,0,wt%,0.0153,molefraction
Prutton - 1945,120,celsius,156,atm,10.1,0,0,0,wt%,0.0124,molefraction
Prutton - 1945,120,celsius,156,atm,10.1,0,0,0,wt%,0.0116,molefraction
Prutton - 1945,120,celsius,74,atm,10.1,0,0,0,wt%,0.0082,molefraction
Prutton - 1945,120,celsius,73,atm,10.1,0,0,0,wt%,0.0071,molefraction
Prutton - 1945,120,celsius,28,atm,10.1,0,0,0,wt%,0.003,molefraction
Prutton - 1945,120,celsius,28,atm,10.1,0,0,0,wt%,0.003,molefraction
