Paper Title,Temperature,Temperature Unit,Pressure,Pressure Unit,CaCl2 Concentration,NaCl Concentration,KCl Concentration,MgCl2 Concentration,Concentration Unit,CO2 Solubility,Solubility Unit,Unconverged data (*)
Dos Santos - 2020,323.15,kelvin,5.0687,MPa,1,0,0,0,mol/kg,0.5692,mol/kg,
Dos Santos - 2020,323.15,kelvin,9.997,MPa,1,0,0,0,mol/kg,0.8322,mol/kg,
Dos Santos - 2020,323.15,kelvin,14.983,MPa,1,0,0,0,mol/kg,0.8889,mol/kg,
Dos Santos - 2020,323.15,kelvin,19.92,MPa,1,0,0,0,mol/kg,0.9213,mol/kg,
Dos Santos - 2020,323.15,kelvin,1.577,MPa,0,0,0,1,mol/kg,0.1876,mol/kg,
Dos Santos - 2020,323.15,kelvin,3.053,MPa,0,0,0,1,mol/kg,0.3382,mol/kg,
Dos Santos - 2020,323.15,kelvin,5.071,MPa,0,0,0,1,mol/kg,0.5237,mol/kg,
Dos Santos - 2020,323.15,kelvin,10.147,MPa,0,0,0,1,mol/kg,0.7763,mol/kg,
Dos Santos - 2020,323.15,kelvin,14.984,MPa,0,0,0,1,mol/kg,0.8435,mol/kg,
Dos Santos - 2020,323.15,kelvin,20.118,MPa,0,0,0,1,mol/kg,0.8968,mol/kg,
Liu - 2021,298,kelvin,0.101325,MPa,0,0,0,0.010513612,mol/kg,0.033,mol/kg,
Liu - 2021,298,kelvin,2.06703,MPa,0,0,0,0.010513612,mol/kg,0.596,mol/kg,
Liu - 2021,298,kelvin,4.13406,MPa,0,0,0,0.010513612,mol/kg,1.29,mol/kg,
Liu - 2021,298,kelvin,6.20109,MPa,0,0,0,0.010513612,mol/kg,1.346,mol/kg,
Liu - 2021,298,kelvin,8.26812,MPa,0,0,0,0.010513612,mol/kg,1.389,mol/kg,
Liu - 2021,298,kelvin,10.33515,MPa,0,0,0,0.010513612,mol/kg,1.423,mol/kg,
Liu - 2021,298,kelvin,13.7903325,MPa,0,0,0,0.010513612,mol/kg,1.473,mol/kg,
Liu - 2021,298,kelvin,15.8573625,MPa,0,0,0,0.010513612,mol/kg,1.501,mol/kg,*
Liu - 2021,298,kelvin,17.2353825,MPa,0,0,0,0.010513612,mol/kg,1.521,mol/kg,*
Liu - 2021,298,kelvin,19.3024125,MPa,0,0,0,0.010513612,mol/kg,1.545,mol/kg,
Liu - 2021,298,kelvin,0.101325,MPa,0,0,0,0.106091903,mol/kg,0.032,mol/kg,
Liu - 2021,298,kelvin,2.06703,MPa,0,0,0,0.106091903,mol/kg,0.588,mol/kg,
Liu - 2021,298,kelvin,4.13406,MPa,0,0,0,0.106091903,mol/kg,1.026,mol/kg,
Liu - 2021,298,kelvin,6.20109,MPa,0,0,0,0.106091903,mol/kg,1.315,mol/kg,
Liu - 2021,298,kelvin,8.26812,MPa,0,0,0,0.106091903,mol/kg,1.351,mol/kg,
Liu - 2021,298,kelvin,10.33515,MPa,0,0,0,0.106091903,mol/kg,1.397,mol/kg,
Liu - 2021,298,kelvin,13.7903325,MPa,0,0,0,0.106091903,mol/kg,1.425,mol/kg,
Liu - 2021,298,kelvin,15.8573625,MPa,0,0,0,0.106091903,mol/kg,1.471,mol/kg,*
Liu - 2021,298,kelvin,17.2353825,MPa,0,0,0,0.106091903,mol/kg,1.498,mol/kg,*
Liu - 2021,298,kelvin,19.3024125,MPa,0,0,0,0.106091903,mol/kg,1.5143,mol/kg,
Liu - 2021,298,kelvin,0.101325,MPa,0,0,0,0.159945661,mol/kg,0.032,mol/kg,
Liu - 2021,298,kelvin,2.06703,MPa,0,0,0,0.159945661,mol/kg,0.579,mol/kg,
Liu - 2021,298,kelvin,4.13406,MPa,0,0,0,0.159945661,mol/kg,1.013,mol/kg,
Liu - 2021,298,kelvin,6.20109,MPa,0,0,0,0.159945661,mol/kg,1.305,mol/kg,
Liu - 2021,298,kelvin,8.26812,MPa,0,0,0,0.159945661,mol/kg,1.345,mol/kg,
Liu - 2021,298,kelvin,10.33515,MPa,0,0,0,0.159945661,mol/kg,1.387,mol/kg,
Liu - 2021,298,kelvin,13.7903325,MPa,0,0,0,0.159945661,mol/kg,1.411,mol/kg,
Liu - 2021,298,kelvin,15.8573625,MPa,0,0,0,0.159945661,mol/kg,1.454,mol/kg,*
Liu - 2021,298,kelvin,17.2353825,MPa,0,0,0,0.159945661,mol/kg,1.495,mol/kg,*
Liu - 2021,298,kelvin,19.3024125,MPa,0,0,0,0.159945661,mol/kg,1.497,mol/kg,
Liu - 2021,333,kelvin,0.101325,MPa,0,0,0,0.010513612,mol/kg,0.014,mol/kg,
Liu - 2021,333,kelvin,2.06703,MPa,0,0,0,0.010513612,mol/kg,0.314,mol/kg,
Liu - 2021,333,kelvin,4.13406,MPa,0,0,0,0.010513612,mol/kg,0.511,mol/kg,
Liu - 2021,333,kelvin,6.20109,MPa,0,0,0,0.010513612,mol/kg,0.773,mol/kg,
Liu - 2021,333,kelvin,8.26812,MPa,0,0,0,0.010513612,mol/kg,1.008,mol/kg,
Liu - 2021,333,kelvin,10.33515,MPa,0,0,0,0.010513612,mol/kg,1.038,mol/kg,
Liu - 2021,333,kelvin,13.7903325,MPa,0,0,0,0.010513612,mol/kg,1.13,mol/kg,
Liu - 2021,333,kelvin,15.8573625,MPa,0,0,0,0.010513612,mol/kg,1.17,mol/kg,
Liu - 2021,333,kelvin,17.2353825,MPa,0,0,0,0.010513612,mol/kg,1.19,mol/kg,
Liu - 2021,333,kelvin,19.3024125,MPa,0,0,0,0.010513612,mol/kg,1.217,mol/kg,
Liu - 2021,333,kelvin,0.101325,MPa,0,0,0,0.106091903,mol/kg,0.013,mol/kg,
Liu - 2021,333,kelvin,2.06703,MPa,0,0,0,0.106091903,mol/kg,0.308,mol/kg,
Liu - 2021,333,kelvin,4.13406,MPa,0,0,0,0.106091903,mol/kg,0.561,mol/kg,
Liu - 2021,333,kelvin,6.20109,MPa,0,0,0,0.106091903,mol/kg,0.755,mol/kg,
Liu - 2021,333,kelvin,8.26812,MPa,0,0,0,0.106091903,mol/kg,0.91,mol/kg,
Liu - 2021,333,kelvin,10.33515,MPa,0,0,0,0.106091903,mol/kg,1.112,mol/kg,
Liu - 2021,333,kelvin,13.7903325,MPa,0,0,0,0.106091903,mol/kg,1.34,mol/kg,
Liu - 2021,333,kelvin,15.8573625,MPa,0,0,0,0.106091903,mol/kg,1.149,mol/kg,
Liu - 2021,333,kelvin,17.2353825,MPa,0,0,0,0.106091903,mol/kg,1.161,mol/kg,
Liu - 2021,333,kelvin,19.3024125,MPa,0,0,0,0.106091903,mol/kg,1.184,mol/kg,
Liu - 2021,333,kelvin,0.101325,MPa,0,0,0,0.159945661,mol/kg,0.013,mol/kg,
Liu - 2021,333,kelvin,2.06703,MPa,0,0,0,0.159945661,mol/kg,0.3054,mol/kg,
Liu - 2021,333,kelvin,4.13406,MPa,0,0,0,0.159945661,mol/kg,0.555,mol/kg,
Liu - 2021,333,kelvin,6.20109,MPa,0,0,0,0.159945661,mol/kg,0.748,mol/kg,
Liu - 2021,333,kelvin,8.26812,MPa,0,0,0,0.159945661,mol/kg,0.902,mol/kg,
Liu - 2021,333,kelvin,13.7903325,MPa,0,0,0,0.159945661,mol/kg,1.109,mol/kg,
Liu - 2021,333,kelvin,15.8573625,MPa,0,0,0,0.159945661,mol/kg,1.147,mol/kg,
Liu - 2021,333,kelvin,17.2353825,MPa,0,0,0,0.159945661,mol/kg,1.156,mol/kg,
Liu - 2021,333,kelvin,19.3024125,MPa,0,0,0,0.159945661,mol/kg,1.182,mol/kg,
Liu - 2021,353,kelvin,2.06703,MPa,0,0,0,0.010513612,mol/kg,0.24,mol/kg,
Liu - 2021,353,kelvin,4.13406,MPa,0,0,0,0.010513612,mol/kg,0.455,mol/kg,
Liu - 2021,353,kelvin,6.20109,MPa,0,0,0,0.010513612,mol/kg,0.591,mol/kg,
Liu - 2021,353,kelvin,8.26812,MPa,0,0,0,0.010513612,mol/kg,0.77,mol/kg,
Liu - 2021,353,kelvin,10.33515,MPa,0,0,0,0.010513612,mol/kg,0.882,mol/kg,
Liu - 2021,353,kelvin,13.7903325,MPa,0,0,0,0.010513612,mol/kg,1.007,mol/kg,
Liu - 2021,353,kelvin,15.8573625,MPa,0,0,0,0.010513612,mol/kg,1.062,mol/kg,
Liu - 2021,353,kelvin,17.2353825,MPa,0,0,0,0.010513612,mol/kg,1.095,mol/kg,
Liu - 2021,353,kelvin,19.3024125,MPa,0,0,0,0.010513612,mol/kg,1.137,mol/kg,
Liu - 2021,353,kelvin,0.101325,MPa,0,0,0,0.106091903,mol/kg,0.008,mol/kg,
Liu - 2021,353,kelvin,2.06703,MPa,0,0,0,0.106091903,mol/kg,0.171,mol/kg,
Liu - 2021,353,kelvin,4.13406,MPa,0,0,0,0.106091903,mol/kg,0.447,mol/kg,
Liu - 2021,353,kelvin,6.20109,MPa,0,0,0,0.106091903,mol/kg,0.625,mol/kg,
Liu - 2021,353,kelvin,8.26812,MPa,0,0,0,0.106091903,mol/kg,0.756,mol/kg,
Liu - 2021,353,kelvin,10.33515,MPa,0,0,0,0.106091903,mol/kg,0.871,mol/kg,
Liu - 2021,353,kelvin,13.7903325,MPa,0,0,0,0.106091903,mol/kg,0.987,mol/kg,
Liu - 2021,353,kelvin,15.8573625,MPa,0,0,0,0.106091903,mol/kg,1.028,mol/kg,
Liu - 2021,353,kelvin,17.2353825,MPa,0,0,0,0.106091903,mol/kg,1.074,mol/kg,
Liu - 2021,353,kelvin,19.3024125,MPa,0,0,0,0.106091903,mol/kg,1.116,mol/kg,
Liu - 2021,353,kelvin,2.06703,MPa,0,0,0,0.159945661,mol/kg,0.168,mol/kg,
Liu - 2021,353,kelvin,4.13406,MPa,0,0,0,0.159945661,mol/kg,0.444,mol/kg,
Liu - 2021,353,kelvin,6.20109,MPa,0,0,0,0.159945661,mol/kg,0.611,mol/kg,
Liu - 2021,353,kelvin,8.26812,MPa,0,0,0,0.159945661,mol/kg,0.753,mol/kg,
Liu - 2021,353,kelvin,10.33515,MPa,0,0,0,0.159945661,mol/kg,0.868,mol/kg,
Liu - 2021,353,kelvin,13.7903325,MPa,0,0,0,0.159945661,mol/kg,0.977,mol/kg,
Liu - 2021,353,kelvin,15.8573625,MPa,0,0,0,0.159945661,mol/kg,1.0115,mol/kg,
Liu - 2021,353,kelvin,17.2353825,MPa,0,0,0,0.159945661,mol/kg,1.065,mol/kg,
Liu - 2021,353,kelvin,19.3024125,MPa,0,0,0,0.159945661,mol/kg,1.113,mol/kg,
Liu - 2021,373,kelvin,2.06703,MPa,0,0,0,0.010513612,mol/kg,0.202,mol/kg,
Liu - 2021,373,kelvin,4.13406,MPa,0,0,0,0.010513612,mol/kg,0.386,mol/kg,
Liu - 2021,373,kelvin,6.20109,MPa,0,0,0,0.010513612,mol/kg,0.544,mol/kg,
Liu - 2021,373,kelvin,8.26812,MPa,0,0,0,0.010513612,mol/kg,0.491,mol/kg,
Liu - 2021,373,kelvin,10.33515,MPa,0,0,0,0.010513612,mol/kg,0.79,mol/kg,
Liu - 2021,373,kelvin,13.7903325,MPa,0,0,0,0.010513612,mol/kg,0.935,mol/kg,
Liu - 2021,373,kelvin,15.8573625,MPa,0,0,0,0.010513612,mol/kg,1.001,mol/kg,
Liu - 2021,373,kelvin,17.2353825,MPa,0,0,0,0.010513612,mol/kg,1.034,mol/kg,
Liu - 2021,373,kelvin,19.3024125,MPa,0,0,0,0.010513612,mol/kg,1.086,mol/kg,
Liu - 2021,373,kelvin,2.06703,MPa,0,0,0,0.106091903,mol/kg,0.202,mol/kg,
Liu - 2021,373,kelvin,4.13406,MPa,0,0,0,0.106091903,mol/kg,0.369,mol/kg,
Liu - 2021,373,kelvin,6.20109,MPa,0,0,0,0.106091903,mol/kg,0.535,mol/kg,
Liu - 2021,373,kelvin,8.26812,MPa,0,0,0,0.106091903,mol/kg,0.653,mol/kg,
Liu - 2021,373,kelvin,10.33515,MPa,0,0,0,0.106091903,mol/kg,0.776,mol/kg,
Liu - 2021,373,kelvin,13.7903325,MPa,0,0,0,0.106091903,mol/kg,0.905,mol/kg,
Liu - 2021,373,kelvin,15.8573625,MPa,0,0,0,0.106091903,mol/kg,0.986,mol/kg,
Liu - 2021,373,kelvin,17.2353825,MPa,0,0,0,0.106091903,mol/kg,1.016,mol/kg,
Liu - 2021,373,kelvin,19.3024125,MPa,0,0,0,0.106091903,mol/kg,1.066,mol/kg,
Liu - 2021,373,kelvin,2.06703,MPa,0,0,0,0.159945661,mol/kg,0.197,mol/kg,
Liu - 2021,373,kelvin,4.13406,MPa,0,0,0,0.159945661,mol/kg,0.433,mol/kg,
Liu - 2021,373,kelvin,6.20109,MPa,0,0,0,0.159945661,mol/kg,0.511,mol/kg,
Liu - 2021,373,kelvin,8.26812,MPa,0,0,0,0.159945661,mol/kg,0.66,mol/kg,
Liu - 2021,373,kelvin,10.33515,MPa,0,0,0,0.159945661,mol/kg,0.778,mol/kg,
Liu - 2021,373,kelvin,13.7903325,MPa,0,0,0,0.159945661,mol/kg,0.909,mol/kg,
Liu - 2021,373,kelvin,15.8573625,MPa,0,0,0,0.159945661,mol/kg,0.973,mol/kg,
Liu - 2021,373,kelvin,17.2353825,MPa,0,0,0,0.159945661,mol/kg,1.005,mol/kg,
Liu - 2021,373,kelvin,19.3024125,MPa,0,0,0,0.159945661,mol/kg,1.055,mol/kg,
Liu - 2021,298,kelvin,0.101325,MPa,0.009019652,0,0,0,mol/kg,0.032,mol/kg,
Liu - 2021,298,kelvin,2.06703,MPa,0.009019652,0,0,0,mol/kg,0.603,mol/kg,
Liu - 2021,298,kelvin,4.13406,MPa,0.009019652,0,0,0,mol/kg,1.30935,mol/kg,
Liu - 2021,298,kelvin,6.20109,MPa,0.009019652,0,0,0,mol/kg,1.346,mol/kg,
Liu - 2021,298,kelvin,8.26812,MPa,0.009019652,0,0,0,mol/kg,1.389,mol/kg,
Liu - 2021,298,kelvin,10.33515,MPa,0.009019652,0,0,0,mol/kg,1.423,mol/kg,
Liu - 2021,298,kelvin,13.7903325,MPa,0.009019652,0,0,0,mol/kg,1.475,mol/kg,
Liu - 2021,298,kelvin,15.8573625,MPa,0.009019652,0,0,0,mol/kg,1.505,mol/kg,*
Liu - 2021,298,kelvin,17.2353825,MPa,0.009019652,0,0,0,mol/kg,1.525,mol/kg,*
Liu - 2021,298,kelvin,19.3024125,MPa,0.009019652,0,0,0,mol/kg,1.545,mol/kg,
Liu - 2021,298,kelvin,0.101325,MPa,0.09101649,0,0,0,mol/kg,0.032,mol/kg,
Liu - 2021,298,kelvin,2.06703,MPa,0.09101649,0,0,0,mol/kg,0.5918,mol/kg,
Liu - 2021,298,kelvin,4.13406,MPa,0.09101649,0,0,0,mol/kg,1.06,mol/kg,
Liu - 2021,298,kelvin,6.20109,MPa,0.09101649,0,0,0,mol/kg,1.319,mol/kg,
Liu - 2021,298,kelvin,8.26812,MPa,0.09101649,0,0,0,mol/kg,1.352,mol/kg,
Liu - 2021,298,kelvin,10.33515,MPa,0.09101649,0,0,0,mol/kg,1.394,mol/kg,
Liu - 2021,298,kelvin,13.7903325,MPa,0.09101649,0,0,0,mol/kg,1.44,mol/kg,
Liu - 2021,298,kelvin,15.8573625,MPa,0.09101649,0,0,0,mol/kg,1.47,mol/kg,*
Liu - 2021,298,kelvin,17.2353825,MPa,0.09101649,0,0,0,mol/kg,1.492,mol/kg,*
Liu - 2021,298,kelvin,19.3024125,MPa,0.09101649,0,0,0,mol/kg,1.514,mol/kg,
Liu - 2021,298,kelvin,0.101325,MPa,0.137217755,0,0,0,mol/kg,0.032,mol/kg,
Liu - 2021,298,kelvin,2.06703,MPa,0.137217755,0,0,0,mol/kg,0.5825,mol/kg,
Liu - 2021,298,kelvin,4.13406,MPa,0.137217755,0,0,0,mol/kg,1.013,mol/kg,
Liu - 2021,298,kelvin,6.20109,MPa,0.137217755,0,0,0,mol/kg,1.3085,mol/kg,
Liu - 2021,298,kelvin,8.26812,MPa,0.137217755,0,0,0,mol/kg,1.3485,mol/kg,
Liu - 2021,298,kelvin,10.33515,MPa,0.137217755,0,0,0,mol/kg,1.3905,mol/kg,
Liu - 2021,298,kelvin,13.7903325,MPa,0.137217755,0,0,0,mol/kg,1.413,mol/kg,
Liu - 2021,298,kelvin,15.8573625,MPa,0.137217755,0,0,0,mol/kg,1.454,mol/kg,*
Liu - 2021,298,kelvin,17.2353825,MPa,0.137217755,0,0,0,mol/kg,1.492,mol/kg,*
Liu - 2021,298,kelvin,19.3024125,MPa,0.137217755,0,0,0,mol/kg,1.497,mol/kg,
Liu - 2021,333,kelvin,0.101325,MPa,0.009019652,0,0,0,mol/kg,0.013,mol/kg,
Liu - 2021,333,kelvin,2.06703,MPa,0.009019652,0,0,0,mol/kg,0.314,mol/kg,
Liu - 2021,333,kelvin,4.13406,MPa,0.009019652,0,0,0,mol/kg,0.511,mol/kg,
Liu - 2021,333,kelvin,6.20109,MPa,0.009019652,0,0,0,mol/kg,0.773,mol/kg,
Liu - 2021,333,kelvin,8.26812,MPa,0.009019652,0,0,0,mol/kg,1.009,mol/kg,
Liu - 2021,333,kelvin,10.33515,MPa,0.009019652,0,0,0,mol/kg,1.039,mol/kg,
Liu - 2021,333,kelvin,13.7903325,MPa,0.009019652,0,0,0,mol/kg,1.13,mol/kg,
Liu - 2021,333,kelvin,15.8573625,MPa,0.009019652,0,0,0,mol/kg,1.171,mol/kg,
Liu - 2021,333,kelvin,17.2353825,MPa,0.009019652,0,0,0,mol/kg,1.2,mol/kg,
Liu - 2021,333,kelvin,19.3024125,MPa,0.009019652,0,0,0,mol/kg,1.218,mol/kg,
Liu - 2021,333,kelvin,0.101325,MPa,0.09101649,0,0,0,mol/kg,0.013,mol/kg,
Liu - 2021,333,kelvin,2.06703,MPa,0.09101649,0,0,0,mol/kg,0.308,mol/kg,
Liu - 2021,333,kelvin,4.13406,MPa,0.09101649,0,0,0,mol/kg,0.561,mol/kg,
Liu - 2021,333,kelvin,6.20109,MPa,0.09101649,0,0,0,mol/kg,0.76,mol/kg,
Liu - 2021,333,kelvin,8.26812,MPa,0.09101649,0,0,0,mol/kg,0.91,mol/kg,
Liu - 2021,333,kelvin,10.33515,MPa,0.09101649,0,0,0,mol/kg,1.113,mol/kg,
Liu - 2021,333,kelvin,13.7903325,MPa,0.09101649,0,0,0,mol/kg,1.12,mol/kg,
Liu - 2021,333,kelvin,15.8573625,MPa,0.09101649,0,0,0,mol/kg,1.148,mol/kg,
Liu - 2021,333,kelvin,17.2353825,MPa,0.09101649,0,0,0,mol/kg,1.168,mol/kg,
Liu - 2021,333,kelvin,19.3024125,MPa,0.09101649,0,0,0,mol/kg,1.211,mol/kg,
Liu - 2021,333,kelvin,0.101325,MPa,0.137217755,0,0,0,mol/kg,0.013,mol/kg,
Liu - 2021,333,kelvin,2.06703,MPa,0.137217755,0,0,0,mol/kg,0.305,mol/kg,
Liu - 2021,333,kelvin,4.13406,MPa,0.137217755,0,0,0,mol/kg,0.556,mol/kg,
Liu - 2021,333,kelvin,6.20109,MPa,0.137217755,0,0,0,mol/kg,0.747,mol/kg,
Liu - 2021,333,kelvin,8.26812,MPa,0.137217755,0,0,0,mol/kg,0.901,mol/kg,
Liu - 2021,333,kelvin,10.33515,MPa,0.137217755,0,0,0,mol/kg,1.388,mol/kg,
Liu - 2021,333,kelvin,13.7903325,MPa,0.137217755,0,0,0,mol/kg,1.412,mol/kg,
Liu - 2021,333,kelvin,15.8573625,MPa,0.137217755,0,0,0,mol/kg,1.146,mol/kg,
Liu - 2021,333,kelvin,17.2353825,MPa,0.137217755,0,0,0,mol/kg,1.156,mol/kg,
Liu - 2021,333,kelvin,19.3024125,MPa,0.137217755,0,0,0,mol/kg,1.183,mol/kg,
Liu - 2021,353,kelvin,2.06703,MPa,0.009019652,0,0,0,mol/kg,0.21,mol/kg,
Liu - 2021,353,kelvin,4.13406,MPa,0.009019652,0,0,0,mol/kg,0.455,mol/kg,
Liu - 2021,353,kelvin,6.20109,MPa,0.009019652,0,0,0,mol/kg,0.591,mol/kg,
Liu - 2021,353,kelvin,8.26812,MPa,0.009019652,0,0,0,mol/kg,0.7702,mol/kg,
Liu - 2021,353,kelvin,10.33515,MPa,0.009019652,0,0,0,mol/kg,0.8823,mol/kg,
Liu - 2021,353,kelvin,13.7903325,MPa,0.009019652,0,0,0,mol/kg,1.011,mol/kg,
Liu - 2021,353,kelvin,15.8573625,MPa,0.009019652,0,0,0,mol/kg,1.066,mol/kg,
Liu - 2021,353,kelvin,17.2353825,MPa,0.009019652,0,0,0,mol/kg,1.099,mol/kg,
Liu - 2021,353,kelvin,19.3024125,MPa,0.009019652,0,0,0,mol/kg,1.139,mol/kg,
Liu - 2021,353,kelvin,2.06703,MPa,0.09101649,0,0,0,mol/kg,0.203,mol/kg,
Liu - 2021,353,kelvin,4.13406,MPa,0.09101649,0,0,0,mol/kg,0.423,mol/kg,
Liu - 2021,353,kelvin,6.20109,MPa,0.09101649,0,0,0,mol/kg,0.617,mol/kg,
Liu - 2021,353,kelvin,8.26812,MPa,0.09101649,0,0,0,mol/kg,0.756,mol/kg,
Liu - 2021,353,kelvin,13.7903325,MPa,0.09101649,0,0,0,mol/kg,0.987,mol/kg,
Liu - 2021,353,kelvin,15.8573625,MPa,0.09101649,0,0,0,mol/kg,1.033,mol/kg,
Liu - 2021,353,kelvin,17.2353825,MPa,0.09101649,0,0,0,mol/kg,1.075,mol/kg,
Liu - 2021,353,kelvin,19.3024125,MPa,0.09101649,0,0,0,mol/kg,1.117,mol/kg,
Liu - 2021,353,kelvin,2.06703,MPa,0.137217755,0,0,0,mol/kg,0.167,mol/kg,
Liu - 2021,353,kelvin,4.13406,MPa,0.137217755,0,0,0,mol/kg,0.442,mol/kg,
Liu - 2021,353,kelvin,6.20109,MPa,0.137217755,0,0,0,mol/kg,0.611,mol/kg,
Liu - 2021,353,kelvin,8.26812,MPa,0.137217755,0,0,0,mol/kg,0.753,mol/kg,
Liu - 2021,353,kelvin,10.33515,MPa,0.137217755,0,0,0,mol/kg,0.858,mol/kg,
Liu - 2021,353,kelvin,13.7903325,MPa,0.137217755,0,0,0,mol/kg,0.978,mol/kg,
Liu - 2021,353,kelvin,15.8573625,MPa,0.137217755,0,0,0,mol/kg,1.032,mol/kg,
Liu - 2021,353,kelvin,17.2353825,MPa,0.137217755,0,0,0,mol/kg,1.065,mol/kg,
Liu - 2021,353,kelvin,19.3024125,MPa,0.137217755,0,0,0,mol/kg,1.113,mol/kg,
Liu - 2021,373,kelvin,2.06703,MPa,0.009019652,0,0,0,mol/kg,0.199,mol/kg,
Liu - 2021,373,kelvin,4.13406,MPa,0.009019652,0,0,0,mol/kg,0.386,mol/kg,
Liu - 2021,373,kelvin,6.20109,MPa,0.009019652,0,0,0,mol/kg,0.544,mol/kg,
Liu - 2021,373,kelvin,8.26812,MPa,0.009019652,0,0,0,mol/kg,0.491,mol/kg,
Liu - 2021,373,kelvin,10.33515,MPa,0.009019652,0,0,0,mol/kg,0.79,mol/kg,
Liu - 2021,373,kelvin,13.7903325,MPa,0.009019652,0,0,0,mol/kg,0.935,mol/kg,
Liu - 2021,373,kelvin,15.8573625,MPa,0.009019652,0,0,0,mol/kg,1.001,mol/kg,
Liu - 2021,373,kelvin,17.2353825,MPa,0.009019652,0,0,0,mol/kg,1.04,mol/kg,
Liu - 2021,373,kelvin,19.3024125,MPa,0.009019652,0,0,0,mol/kg,1.091,mol/kg,
Liu - 2021,373,kelvin,2.06703,MPa,0.09101649,0,0,0,mol/kg,0.198,mol/kg,
Liu - 2021,373,kelvin,4.13406,MPa,0.09101649,0,0,0,mol/kg,0.386,mol/kg,
Liu - 2021,373,kelvin,6.20109,MPa,0.09101649,0,0,0,mol/kg,0.534,mol/kg,
Liu - 2021,373,kelvin,8.26812,MPa,0.09101649,0,0,0,mol/kg,0.665,mol/kg,
Liu - 2021,373,kelvin,10.33515,MPa,0.09101649,0,0,0,mol/kg,0.775,mol/kg,
Liu - 2021,373,kelvin,13.7903325,MPa,0.09101649,0,0,0,mol/kg,0.88,mol/kg,
Liu - 2021,373,kelvin,15.8573625,MPa,0.09101649,0,0,0,mol/kg,0.983,mol/kg,
Liu - 2021,373,kelvin,17.2353825,MPa,0.09101649,0,0,0,mol/kg,1.015,mol/kg,
Liu - 2021,373,kelvin,19.3024125,MPa,0.09101649,0,0,0,mol/kg,1.064,mol/kg,
Liu - 2021,373,kelvin,2.06703,MPa,0.137217755,0,0,0,mol/kg,0.197,mol/kg,
Liu - 2021,373,kelvin,4.13406,MPa,0.137217755,0,0,0,mol/kg,0.433,mol/kg,
Liu - 2021,373,kelvin,6.20109,MPa,0.137217755,0,0,0,mol/kg,0.511,mol/kg,
Liu - 2021,373,kelvin,8.26812,MPa,0.137217755,0,0,0,mol/kg,0.658,mol/kg,
Liu - 2021,373,kelvin,10.33515,MPa,0.137217755,0,0,0,mol/kg,0.77,mol/kg,
Liu - 2021,373,kelvin,13.7903325,MPa,0.137217755,0,0,0,mol/kg,0.91,mol/kg,
Liu - 2021,373,kelvin,15.8573625,MPa,0.137217755,0,0,0,mol/kg,0.973,mol/kg,
Liu - 2021,373,kelvin,17.2353825,MPa,0.137217755,0,0,0,mol/kg,1.005,mol/kg,
Liu - 2021,373,kelvin,19.3024125,MPa,0.137217755,0,0,0,mol/kg,1.055,mol/kg,
Liu - 2021,298,kelvin,0.101325,MPa,0.004509826,0,0,0.005256806,mol/kg,0.033,mol/kg,
Liu - 2021,298,kelvin,2.06703,MPa,0.004509826,0,0,0.005256806,mol/kg,0.605,mol/kg,
Liu - 2021,298,kelvin,4.13406,MPa,0.004509826,0,0,0.005256806,mol/kg,1.31135,mol/kg,
Liu - 2021,298,kelvin,6.20109,MPa,0.004509826,0,0,0.005256806,mol/kg,1.348,mol/kg,
Liu - 2021,298,kelvin,8.26812,MPa,0.004509826,0,0,0.005256806,mol/kg,1.391,mol/kg,
Liu - 2021,298,kelvin,10.33515,MPa,0.004509826,0,0,0.005256806,mol/kg,1.425,mol/kg,
Liu - 2021,298,kelvin,13.7903325,MPa,0.004509826,0,0,0.005256806,mol/kg,1.477,mol/kg,
Liu - 2021,298,kelvin,15.8573625,MPa,0.004509826,0,0,0.005256806,mol/kg,1.507,mol/kg,*
Liu - 2021,298,kelvin,17.2353825,MPa,0.004509826,0,0,0.005256806,mol/kg,1.527,mol/kg,*
Liu - 2021,298,kelvin,19.3024125,MPa,0.004509826,0,0,0.005256806,mol/kg,1.547,mol/kg,
Liu - 2021,298,kelvin,0.101325,MPa,0.045508245,0,0,0.053045952,mol/kg,0.032,mol/kg,
Liu - 2021,298,kelvin,2.06703,MPa,0.045508245,0,0,0.053045952,mol/kg,0.612,mol/kg,
Liu - 2021,298,kelvin,4.13406,MPa,0.045508245,0,0,0.053045952,mol/kg,1.047,mol/kg,
Liu - 2021,298,kelvin,6.20109,MPa,0.045508245,0,0,0.053045952,mol/kg,1.314,mol/kg,
Liu - 2021,298,kelvin,8.26812,MPa,0.045508245,0,0,0.053045952,mol/kg,1.391,mol/kg,
Liu - 2021,298,kelvin,10.33515,MPa,0.045508245,0,0,0.053045952,mol/kg,1.432,mol/kg,
Liu - 2021,298,kelvin,13.7903325,MPa,0.045508245,0,0,0.053045952,mol/kg,1.473,mol/kg,
Liu - 2021,298,kelvin,15.8573625,MPa,0.045508245,0,0,0.053045952,mol/kg,1.501,mol/kg,*
Liu - 2021,298,kelvin,17.2353825,MPa,0.045508245,0,0,0.053045952,mol/kg,1.519,mol/kg,*
Liu - 2021,298,kelvin,19.3024125,MPa,0.045508245,0,0,0.053045952,mol/kg,1.544,mol/kg,
Liu - 2021,298,kelvin,0.101325,MPa,0.068608877,0,0,0.079972831,mol/kg,0.032,mol/kg,
Liu - 2021,298,kelvin,2.06703,MPa,0.068608877,0,0,0.079972831,mol/kg,0.612,mol/kg,
Liu - 2021,298,kelvin,4.13406,MPa,0.068608877,0,0,0.079972831,mol/kg,1.047,mol/kg,
Liu - 2021,298,kelvin,6.20109,MPa,0.068608877,0,0,0.079972831,mol/kg,1.314,mol/kg,
Liu - 2021,298,kelvin,8.26812,MPa,0.068608877,0,0,0.079972831,mol/kg,1.391,mol/kg,
Liu - 2021,298,kelvin,10.33515,MPa,0.068608877,0,0,0.079972831,mol/kg,1.432,mol/kg,
Liu - 2021,298,kelvin,13.7903325,MPa,0.068608877,0,0,0.079972831,mol/kg,1.473,mol/kg,
Liu - 2021,298,kelvin,15.8573625,MPa,0.068608877,0,0,0.079972831,mol/kg,1.485,mol/kg,*
Liu - 2021,298,kelvin,17.2353825,MPa,0.068608877,0,0,0.079972831,mol/kg,1.519,mol/kg,*
Liu - 2021,298,kelvin,19.3024125,MPa,0.068608877,0,0,0.079972831,mol/kg,1.527,mol/kg,
Liu - 2021,333,kelvin,2.06703,MPa,0.004509826,0,0,0.005256806,mol/kg,0.316,mol/kg,
Liu - 2021,333,kelvin,4.13406,MPa,0.004509826,0,0,0.005256806,mol/kg,0.513,mol/kg,
Liu - 2021,333,kelvin,6.20109,MPa,0.004509826,0,0,0.005256806,mol/kg,0.775,mol/kg,
Liu - 2021,333,kelvin,8.26812,MPa,0.004509826,0,0,0.005256806,mol/kg,1.011,mol/kg,
Liu - 2021,333,kelvin,10.33515,MPa,0.004509826,0,0,0.005256806,mol/kg,1.04,mol/kg,
Liu - 2021,333,kelvin,13.7903325,MPa,0.004509826,0,0,0.005256806,mol/kg,1.132,mol/kg,
Liu - 2021,333,kelvin,15.8573625,MPa,0.004509826,0,0,0.005256806,mol/kg,1.173,mol/kg,
Liu - 2021,333,kelvin,17.2353825,MPa,0.004509826,0,0,0.005256806,mol/kg,2.04,mol/kg,
Liu - 2021,333,kelvin,19.3024125,MPa,0.004509826,0,0,0.005256806,mol/kg,1.22,mol/kg,
Liu - 2021,333,kelvin,0.101325,MPa,0.045508245,0,0,0.053045952,mol/kg,0.011,mol/kg,
Liu - 2021,333,kelvin,2.06703,MPa,0.045508245,0,0,0.053045952,mol/kg,0.314,mol/kg,
Liu - 2021,333,kelvin,4.13406,MPa,0.045508245,0,0,0.053045952,mol/kg,0.5713,mol/kg,
Liu - 2021,333,kelvin,6.20109,MPa,0.045508245,0,0,0.053045952,mol/kg,0.773,mol/kg,
Liu - 2021,333,kelvin,8.26812,MPa,0.045508245,0,0,0.053045952,mol/kg,0.927,mol/kg,
Liu - 2021,333,kelvin,10.33515,MPa,0.045508245,0,0,0.053045952,mol/kg,1.037,mol/kg,
Liu - 2021,333,kelvin,13.7903325,MPa,0.045508245,0,0,0.053045952,mol/kg,1.151,mol/kg,
Liu - 2021,333,kelvin,15.8573625,MPa,0.045508245,0,0,0.053045952,mol/kg,1.171,mol/kg,
Liu - 2021,333,kelvin,17.2353825,MPa,0.045508245,0,0,0.053045952,mol/kg,1.19,mol/kg,
Liu - 2021,333,kelvin,19.3024125,MPa,0.045508245,0,0,0.053045952,mol/kg,1.218,mol/kg,
Liu - 2021,353,kelvin,2.06703,MPa,0.004509826,0,0,0.005256806,mol/kg,0.212,mol/kg,
Liu - 2021,353,kelvin,4.13406,MPa,0.004509826,0,0,0.005256806,mol/kg,0.457,mol/kg,
Liu - 2021,353,kelvin,6.20109,MPa,0.004509826,0,0,0.005256806,mol/kg,0.593,mol/kg,
Liu - 2021,353,kelvin,8.26812,MPa,0.004509826,0,0,0.005256806,mol/kg,0.7722,mol/kg,
Liu - 2021,353,kelvin,10.33515,MPa,0.004509826,0,0,0.005256806,mol/kg,0.8843,mol/kg,
Liu - 2021,353,kelvin,13.7903325,MPa,0.004509826,0,0,0.005256806,mol/kg,1.013,mol/kg,
Liu - 2021,353,kelvin,15.8573625,MPa,0.004509826,0,0,0.005256806,mol/kg,1.068,mol/kg,
Liu - 2021,353,kelvin,17.2353825,MPa,0.004509826,0,0,0.005256806,mol/kg,1.101,mol/kg,
Liu - 2021,353,kelvin,19.3024125,MPa,0.004509826,0,0,0.005256806,mol/kg,1.141,mol/kg,
Liu - 2021,353,kelvin,0.101325,MPa,0.045508245,0,0,0.053045952,mol/kg,0.008,mol/kg,
Liu - 2021,353,kelvin,2.06703,MPa,0.045508245,0,0,0.053045952,mol/kg,0.253,mol/kg,
Liu - 2021,353,kelvin,4.13406,MPa,0.045508245,0,0,0.053045952,mol/kg,0.5,mol/kg,
Liu - 2021,353,kelvin,6.20109,MPa,0.045508245,0,0,0.053045952,mol/kg,0.629,mol/kg,
Liu - 2021,353,kelvin,8.26812,MPa,0.045508245,0,0,0.053045952,mol/kg,0.788,mol/kg,
Liu - 2021,353,kelvin,10.33515,MPa,0.045508245,0,0,0.053045952,mol/kg,0.882,mol/kg,
Liu - 2021,353,kelvin,15.8573625,MPa,0.045508245,0,0,0.053045952,mol/kg,1.0056,mol/kg,
Liu - 2021,353,kelvin,17.2353825,MPa,0.045508245,0,0,0.053045952,mol/kg,1.097,mol/kg,
Liu - 2021,353,kelvin,19.3024125,MPa,0.045508245,0,0,0.053045952,mol/kg,1.138,mol/kg,
Liu - 2021,373,kelvin,2.06703,MPa,0.004509826,0,0,0.005256806,mol/kg,0.202,mol/kg,
Liu - 2021,373,kelvin,4.13406,MPa,0.004509826,0,0,0.005256806,mol/kg,0.389,mol/kg,
Liu - 2021,373,kelvin,6.20109,MPa,0.004509826,0,0,0.005256806,mol/kg,0.547,mol/kg,
Liu - 2021,373,kelvin,8.26812,MPa,0.004509826,0,0,0.005256806,mol/kg,0.671,mol/kg,
Liu - 2021,373,kelvin,10.33515,MPa,0.004509826,0,0,0.005256806,mol/kg,0.81,mol/kg,
Liu - 2021,373,kelvin,13.7903325,MPa,0.004509826,0,0,0.005256806,mol/kg,0.9376,mol/kg,
Liu - 2021,373,kelvin,15.8573625,MPa,0.004509826,0,0,0.005256806,mol/kg,1.003,mol/kg,
Liu - 2021,373,kelvin,17.2353825,MPa,0.004509826,0,0,0.005256806,mol/kg,1.043,mol/kg,
Liu - 2021,373,kelvin,19.3024125,MPa,0.004509826,0,0,0.005256806,mol/kg,1.095,mol/kg,
Liu - 2021,373,kelvin,2.06703,MPa,0.045508245,0,0,0.053045952,mol/kg,0.202,mol/kg,
Liu - 2021,373,kelvin,4.13406,MPa,0.045508245,0,0,0.053045952,mol/kg,0.398,mol/kg,
Liu - 2021,373,kelvin,6.20109,MPa,0.045508245,0,0,0.053045952,mol/kg,0.551,mol/kg,
Liu - 2021,373,kelvin,8.26812,MPa,0.045508245,0,0,0.053045952,mol/kg,0.6778,mol/kg,
Liu - 2021,373,kelvin,10.33515,MPa,0.045508245,0,0,0.053045952,mol/kg,0.792,mol/kg,
Liu - 2021,373,kelvin,13.7903325,MPa,0.045508245,0,0,0.053045952,mol/kg,0.9,mol/kg,
Liu - 2021,373,kelvin,15.8573625,MPa,0.045508245,0,0,0.053045952,mol/kg,1.006,mol/kg,
Liu - 2021,373,kelvin,17.2353825,MPa,0.045508245,0,0,0.053045952,mol/kg,1.037,mol/kg,
Liu - 2021,373,kelvin,19.3024125,MPa,0.045508245,0,0,0.053045952,mol/kg,1.086,mol/kg,
Cruz - 2020,323.15,kelvin,5.07,MPa,0,1,0,0,mol/kg,0.62,mol/kg,
Cruz - 2020,323.15,kelvin,10.05,MPa,0,1,0,0,mol/kg,0.91,mol/kg,
Cruz - 2020,323.15,kelvin,20.02,MPa,0,1,0,0,mol/kg,1.06,mol/kg,
Cruz - 2020,323.15,kelvin,29.99,MPa,0,1,0,0,mol/kg,1.13,mol/kg,
Cruz - 2020,323.15,kelvin,40.04,MPa,0,1,0,0,mol/kg,1.28,mol/kg,*
Cruz - 2020,323.15,kelvin,15.04,MPa,1,0,0,0,mol/kg,0.88,mol/kg,
Cruz - 2020,333.15,kelvin,6.01,MPa,0,1.2,0,0,mol/kg,0.62,mol/kg,
Cruz - 2020,333.15,kelvin,10.01,MPa,0,1.2,0,0,mol/kg,0.87,mol/kg,
Cruz - 2020,333.15,kelvin,20.01,MPa,0,1.2,0,0,mol/kg,1,mol/kg,
Cruz - 2020,333.15,kelvin,29.97,MPa,0,1.2,0,0,mol/kg,1.04,mol/kg,
Cruz - 2020,333.15,kelvin,39.97,MPa,0,1.2,0,0,mol/kg,1.13,mol/kg,
Cruz - 2020,333.15,kelvin,6.09,MPa,0.2,0,0,0,mol/kg,0.74,mol/kg,
Cruz - 2020,333.15,kelvin,10.5,MPa,0.2,0,0,0,mol/kg,1.01,mol/kg,
Cruz - 2020,333.15,kelvin,20.08,MPa,0.2,0,0,0,mol/kg,1.26,mol/kg,
Cruz - 2020,333.15,kelvin,30.06,MPa,0.2,0,0,0,mol/kg,1.33,mol/kg,
Cruz - 2020,333.15,kelvin,40.02,MPa,0.2,0,0,0,mol/kg,1.45,mol/kg,
Cruz - 2020,333.15,kelvin,6.06,MPa,0.2,1.2,0,0,mol/kg,0.58,mol/kg,
Cruz - 2020,333.15,kelvin,10.01,MPa,0.2,1.2,0,0,mol/kg,0.81,mol/kg,
Cruz - 2020,333.15,kelvin,20.07,MPa,0.2,1.2,0,0,mol/kg,0.97,mol/kg,
Cruz - 2020,333.15,kelvin,30.02,MPa,0.2,1.2,0,0,mol/kg,1.06,mol/kg,
Cruz - 2020,333.15,kelvin,40.05,MPa,0.2,1.2,0,0,mol/kg,1.14,mol/kg,
Cruz - 2020,453.15,kelvin,6.03,MPa,0.2,1.2,0,0,mol/kg,0.3,mol/kg,
Cruz - 2020,453.15,kelvin,10.08,MPa,0.2,1.2,0,0,mol/kg,0.52,mol/kg,
Cruz - 2020,453.15,kelvin,20.05,MPa,0.2,1.2,0,0,mol/kg,0.91,mol/kg,
Cruz - 2020,453.15,kelvin,30.04,MPa,0.2,1.2,0,0,mol/kg,1.21,mol/kg,
Cruz - 2020,453.15,kelvin,40.07,MPa,0.2,1.2,0,0,mol/kg,1.3,mol/kg,
Poulain - 2019,323,kelvin,1.01,MPa,0.2,1.2,0,0,mol/kg,0.1342,mol/kg,
Poulain - 2019,323,kelvin,2.01,MPa,0.2,1.2,0,0,mol/kg,0.257,mol/kg,
Poulain - 2019,323,kelvin,3.03,MPa,0.2,1.2,0,0,mol/kg,0.3773,mol/kg,
Poulain - 2019,323,kelvin,4.02,MPa,0.2,1.2,0,0,mol/kg,0.4905,mol/kg,
Poulain - 2019,323,kelvin,4.98,MPa,0.2,1.2,0,0,mol/kg,0.5783,mol/kg,
Poulain - 2019,323,kelvin,9.92,MPa,0.2,1.2,0,0,mol/kg,0.88,mol/kg,
Poulain - 2019,323,kelvin,15.03,MPa,0.2,1.2,0,0,mol/kg,0.9591,mol/kg,
Poulain - 2019,323,kelvin,19.93,MPa,0.2,1.2,0,0,mol/kg,1.0061,mol/kg,
Poulain - 2019,373,kelvin,1.05,MPa,0.2,1.2,0,0,mol/kg,0.074,mol/kg,
Poulain - 2019,373,kelvin,2.01,MPa,0.2,1.2,0,0,mol/kg,0.142,mol/kg,
Poulain - 2019,373,kelvin,3.02,MPa,0.2,1.2,0,0,mol/kg,0.2172,mol/kg,
Poulain - 2019,373,kelvin,4.02,MPa,0.2,1.2,0,0,mol/kg,0.2801,mol/kg,
Poulain - 2019,373,kelvin,5.09,MPa,0.2,1.2,0,0,mol/kg,0.3549,mol/kg,
Poulain - 2019,373,kelvin,10.04,MPa,0.2,1.2,0,0,mol/kg,0.6281,mol/kg,
Poulain - 2019,373,kelvin,15.1,MPa,0.2,1.2,0,0,mol/kg,0.8023,mol/kg,
Poulain - 2019,373,kelvin,19.91,MPa,0.2,1.2,0,0,mol/kg,0.871,mol/kg,
Poulain - 2019,423,kelvin,1.94,MPa,0.2,1.2,0,0,mol/kg,0.0925,mol/kg,
Poulain - 2019,423,kelvin,3.04,MPa,0.2,1.2,0,0,mol/kg,0.1566,mol/kg,
Poulain - 2019,423,kelvin,4.09,MPa,0.2,1.2,0,0,mol/kg,0.2287,mol/kg,
Poulain - 2019,423,kelvin,5.09,MPa,0.2,1.2,0,0,mol/kg,0.282,mol/kg,
Poulain - 2019,423,kelvin,10.08,MPa,0.2,1.2,0,0,mol/kg,0.525,mol/kg,
Poulain - 2019,423,kelvin,15.12,MPa,0.2,1.2,0,0,mol/kg,0.7208,mol/kg,
Poulain - 2019,423,kelvin,19.91,MPa,0.2,1.2,0,0,mol/kg,0.8694,mol/kg,
Poulain - 2019,323,kelvin,1,MPa,0.2,1.2,0.1,0,mol/kg,0.1305,mol/kg,
Poulain - 2019,323,kelvin,2.01,MPa,0.2,1.2,0.1,0,mol/kg,0.2667,mol/kg,
Poulain - 2019,323,kelvin,3.01,MPa,0.2,1.2,0.1,0,mol/kg,0.3758,mol/kg,
Poulain - 2019,323,kelvin,3.99,MPa,0.2,1.2,0.1,0,mol/kg,0.5003,mol/kg,
Poulain - 2019,323,kelvin,5,MPa,0.2,1.2,0.1,0,mol/kg,0.5865,mol/kg,
Poulain - 2019,323,kelvin,10.02,MPa,0.2,1.2,0.1,0,mol/kg,0.863,mol/kg,
Poulain - 2019,323,kelvin,15.03,MPa,0.2,1.2,0.1,0,mol/kg,0.9057,mol/kg,
Poulain - 2019,323,kelvin,19.97,MPa,0.2,1.2,0.1,0,mol/kg,0.9851,mol/kg,
Poulain - 2019,373,kelvin,1.03,MPa,0.2,1.2,0.1,0,mol/kg,0.0696,mol/kg,
Poulain - 2019,373,kelvin,2.05,MPa,0.2,1.2,0.1,0,mol/kg,0.1511,mol/kg,
Poulain - 2019,373,kelvin,3.02,MPa,0.2,1.2,0.1,0,mol/kg,0.2156,mol/kg,
Poulain - 2019,373,kelvin,4.04,MPa,0.2,1.2,0.1,0,mol/kg,0.284,mol/kg,
Poulain - 2019,373,kelvin,5.09,MPa,0.2,1.2,0.1,0,mol/kg,0.3523,mol/kg,
Poulain - 2019,373,kelvin,10.09,MPa,0.2,1.2,0.1,0,mol/kg,0.6036,mol/kg,
Poulain - 2019,373,kelvin,15.09,MPa,0.2,1.2,0.1,0,mol/kg,0.7739,mol/kg,
Poulain - 2019,373,kelvin,19.91,MPa,0.2,1.2,0.1,0,mol/kg,0.864,mol/kg,
Poulain - 2019,423,kelvin,2,MPa,0.2,1.2,0.1,0,mol/kg,0.0966,mol/kg,
Poulain - 2019,423,kelvin,3.01,MPa,0.2,1.2,0.1,0,mol/kg,0.1595,mol/kg,
Poulain - 2019,423,kelvin,4.05,MPa,0.2,1.2,0.1,0,mol/kg,0.2199,mol/kg,
Poulain - 2019,423,kelvin,5.12,MPa,0.2,1.2,0.1,0,mol/kg,0.2804,mol/kg,
Poulain - 2019,423,kelvin,10.08,MPa,0.2,1.2,0.1,0,mol/kg,0.5204,mol/kg,
Poulain - 2019,423,kelvin,15.02,MPa,0.2,1.2,0.1,0,mol/kg,0.7152,mol/kg,
Poulain - 2019,423,kelvin,19.92,MPa,0.2,1.2,0.1,0,mol/kg,0.8517,mol/kg,
Shi - 2017 - Onda,298.15,kelvin,0.101,MPa,0.19148,0,0,0,mol/kg,0.03151,mol/kg,
Shi - 2017 - Onda,298.15,kelvin,0.101,MPa,0.29234,0,0,0,mol/kg,0.030044,mol/kg,
Shi - 2017 - Onda,298.15,kelvin,0.101,MPa,0.41346,0,0,0,mol/kg,0.028438,mol/kg,
Shi - 2017 - Onda,298.15,kelvin,0.101,MPa,0.55486,0,0,0,mol/kg,0.026971,mol/kg,
Shi - 2017 - Onda,298.15,kelvin,0.101,MPa,0.83764,0,0,0,mol/kg,0.023968,mol/kg,
Shi - 2017 - Onda,298.15,kelvin,0.101,MPa,1.2723,0,0,0,mol/kg,0.020752,mol/kg,
Shi - 2017 - Yasunishi,298.15,kelvin,0.101,MPa,1.4643,0,0,0,mol/kg,0.019214,mol/kg,
Shi - 2017 - Yasunishi,298.15,kelvin,0.101,MPa,0.24191,0,0,0,mol/kg,0.030742,mol/kg,
Shi - 2017 - Yasunishi,298.15,kelvin,0.101,MPa,0.57512,0,0,0,mol/kg,0.026971,mol/kg,
Shi - 2017 - Yasunishi,298.15,kelvin,0.101,MPa,0.92851,0,0,0,mol/kg,0.022781,mol/kg,
Shi - 2017 - Yasunishi,298.15,kelvin,0.101,MPa,1.2923,0,0,0,mol/kg,0.019985,mol/kg,
Shi - 2017 - Yasunishi,298.15,kelvin,0.101,MPa,1.6766,0,0,0,mol/kg,0.017676,mol/kg,
Shi - 2017 - Yasunishi,298.15,kelvin,0.101,MPa,2.1417,0,0,0,mol/kg,0.014599,mol/kg,
Shi - 2017 - Yasunishi,298.15,kelvin,0.101,MPa,2.5769,0,0,0,mol/kg,0.013056,mol/kg,
Shi - 2017 - Yasunishi,298.15,kelvin,0.101,MPa,3.0525,0,0,0,mol/kg,0.01234,mol/kg,
Shi - 2017 - Yasunishi,298.15,kelvin,0.101,MPa,3.9028,0,0,0,mol/kg,0.0091954,mol/kg,
Shi - 2017 - Yasunishi,298.15,kelvin,0.101,MPa,4.3079,0,0,0,mol/kg,0.0085598,mol/kg,
Shi - 2017 - Yasunishi,298.15,kelvin,0.101,MPa,5.3005,0,0,0,mol/kg,0.008052,mol/kg,
Messabeb - 2017,323.15,kelvin,5.07,MPa,1,0,0,0,mol/kg,0.568,mol/kg,
Messabeb - 2017,323.15,kelvin,10,MPa,1,0,0,0,mol/kg,0.829,mol/kg,
Messabeb - 2017,323.15,kelvin,15.01,MPa,1,0,0,0,mol/kg,0.885,mol/kg,
Messabeb - 2017,323.15,kelvin,19.98,MPa,1,0,0,0,mol/kg,0.914,mol/kg,
Messabeb - 2017,323.15,kelvin,5.09,MPa,3,0,0,0,mol/kg,0.29,mol/kg,
Messabeb - 2017,323.15,kelvin,10.05,MPa,3,0,0,0,mol/kg,0.429,mol/kg,
Messabeb - 2017,323.15,kelvin,15.02,MPa,3,0,0,0,mol/kg,0.469,mol/kg,
Messabeb - 2017,323.15,kelvin,19.89,MPa,3,0,0,0,mol/kg,0.498,mol/kg,
Messabeb - 2017,323.15,kelvin,5.09,MPa,6,0,0,0,mol/kg,0.172,mol/kg,
Messabeb - 2017,323.15,kelvin,10.08,MPa,6,0,0,0,mol/kg,0.227,mol/kg,
Messabeb - 2017,323.15,kelvin,14.98,MPa,6,0,0,0,mol/kg,0.247,mol/kg,
Messabeb - 2017,323.15,kelvin,19.95,MPa,6,0,0,0,mol/kg,0.252,mol/kg,
Messabeb - 2017,373.15,kelvin,5.16,MPa,1,0,0,0,mol/kg,0.337,mol/kg,
Messabeb - 2017,373.15,kelvin,10.27,MPa,1,0,0,0,mol/kg,0.568,mol/kg,
Messabeb - 2017,373.15,kelvin,15.17,MPa,1,0,0,0,mol/kg,0.715,mol/kg,
Messabeb - 2017,373.15,kelvin,20.04,MPa,1,0,0,0,mol/kg,0.816,mol/kg,
Messabeb - 2017,373.15,kelvin,5.04,MPa,3,0,0,0,mol/kg,0.191,mol/kg,
Messabeb - 2017,373.15,kelvin,10.04,MPa,3,0,0,0,mol/kg,0.32,mol/kg,
Messabeb - 2017,373.15,kelvin,15.02,MPa,3,0,0,0,mol/kg,0.387,mol/kg,
Messabeb - 2017,373.15,kelvin,20.01,MPa,3,0,0,0,mol/kg,0.437,mol/kg,
Messabeb - 2017,373.15,kelvin,5.24,MPa,6,0,0,0,mol/kg,0.108,mol/kg,
Messabeb - 2017,373.15,kelvin,10.1,MPa,6,0,0,0,mol/kg,0.171,mol/kg,
Messabeb - 2017,373.15,kelvin,15,MPa,6,0,0,0,mol/kg,0.211,mol/kg,
Messabeb - 2017,373.15,kelvin,19.91,MPa,6,0,0,0,mol/kg,0.239,mol/kg,
Messabeb - 2017,423.15,kelvin,5.13,MPa,1,0,0,0,mol/kg,0.26,mol/kg,
Messabeb - 2017,423.15,kelvin,10.18,MPa,1,0,0,0,mol/kg,0.495,mol/kg,
Messabeb - 2017,423.15,kelvin,15.12,MPa,1,0,0,0,mol/kg,0.658,mol/kg,
Messabeb - 2017,423.15,kelvin,19.96,MPa,1,0,0,0,mol/kg,0.772,mol/kg,
Messabeb - 2017,423.15,kelvin,5.13,MPa,3,0,0,0,mol/kg,0.14,mol/kg,
Messabeb - 2017,423.15,kelvin,10.27,MPa,3,0,0,0,mol/kg,0.262,mol/kg,
Messabeb - 2017,423.15,kelvin,15.12,MPa,3,0,0,0,mol/kg,0.348,mol/kg,
Messabeb - 2017,423.15,kelvin,19.96,MPa,3,0,0,0,mol/kg,0.41,mol/kg,
Messabeb - 2017,423.15,kelvin,5.1,MPa,6,0,0,0,mol/kg,0.087,mol/kg,
Messabeb - 2017,423.15,kelvin,10.48,MPa,6,0,0,0,mol/kg,0.139,mol/kg,
Messabeb - 2017,423.15,kelvin,15.29,MPa,6,0,0,0,mol/kg,0.18,mol/kg,
Messabeb - 2017,423.15,kelvin,19.86,MPa,6,0,0,0,mol/kg,0.207,mol/kg,
Jacob - 2016,297,kelvin,12.4,MPa,0.254640476,1.047399042,0.035412475,0.04589854,mol/kg,0.94,mol/kg,
Jacob - 2016,297,kelvin,12.06,MPa,0.254640476,1.047399042,0.035412475,0.04589854,mol/kg,0.95,mol/kg,
Jacob - 2016,297,kelvin,11.71,MPa,0.254640476,1.047399042,0.035412475,0.04589854,mol/kg,1.01,mol/kg,
Jacob - 2016,297,kelvin,11.2,MPa,0.254640476,1.047399042,0.035412475,0.04589854,mol/kg,1.01,mol/kg,
Jacob - 2016,297,kelvin,9.27,MPa,0.254640476,1.047399042,0.035412475,0.04589854,mol/kg,1,mol/kg,
Jacob - 2016,297,kelvin,8.96,MPa,0.254640476,1.047399042,0.035412475,0.04589854,mol/kg,0.98,mol/kg,
Jacob - 2016,297,kelvin,8.34,MPa,0.254640476,1.047399042,0.035412475,0.04589854,mol/kg,0.98,mol/kg,
Jacob - 2016,297,kelvin,7.75,MPa,0.254640476,1.047399042,0.035412475,0.04589854,mol/kg,0.98,mol/kg,
Jacob - 2016,297,kelvin,7.03,MPa,0.254640476,1.047399042,0.035412475,0.04589854,mol/kg,0.99,mol/kg,
Jacob - 2016,297,kelvin,7.03,MPa,0.254640476,1.047399042,0.035412475,0.04589854,mol/kg,1.03,mol/kg,
Jacob - 2016,297,kelvin,6.75,MPa,0.254640476,1.047399042,0.035412475,0.04589854,mol/kg,1.01,mol/kg,
Jacob - 2016,297,kelvin,6.61,MPa,0.254640476,1.047399042,0.035412475,0.04589854,mol/kg,1,mol/kg,
Jacob - 2016,297,kelvin,6.58,MPa,0.254640476,1.047399042,0.035412475,0.04589854,mol/kg,1,mol/kg,
Jacob - 2016,297,kelvin,6.37,MPa,0.254640476,1.047399042,0.035412475,0.04589854,mol/kg,1,mol/kg,
Jacob - 2016,297,kelvin,6.27,MPa,0.254640476,1.047399042,0.035412475,0.04589854,mol/kg,0.98,mol/kg,
Jacob - 2016,297,kelvin,6.1,MPa,0.254640476,1.047399042,0.035412475,0.04589854,mol/kg,1,mol/kg,
Jacob - 2016,297,kelvin,5.51,MPa,0.254640476,1.047399042,0.035412475,0.04589854,mol/kg,0.97,mol/kg,
Jacob - 2016,297,kelvin,5.44,MPa,0.254640476,1.047399042,0.035412475,0.04589854,mol/kg,0.9,mol/kg,
Jacob - 2016,297,kelvin,4.86,MPa,0.254640476,1.047399042,0.035412475,0.04589854,mol/kg,0.93,mol/kg,
Jacob - 2016,297,kelvin,4.82,MPa,0.254640476,1.047399042,0.035412475,0.04589854,mol/kg,0.73,mol/kg,
Jacob - 2016,297,kelvin,4.62,MPa,0.254640476,1.047399042,0.035412475,0.04589854,mol/kg,0.77,mol/kg,
Jacob - 2016,297,kelvin,4.55,MPa,0.254640476,1.047399042,0.035412475,0.04589854,mol/kg,0.72,mol/kg,
Jacob - 2016,297,kelvin,4.17,MPa,0.254640476,1.047399042,0.035412475,0.04589854,mol/kg,0.72,mol/kg,
Jacob - 2016,297,kelvin,3.96,MPa,0.254640476,1.047399042,0.035412475,0.04589854,mol/kg,0.77,mol/kg,
Jacob - 2016,297,kelvin,3.45,MPa,0.254640476,1.047399042,0.035412475,0.04589854,mol/kg,0.75,mol/kg,
Jacob - 2016,297,kelvin,3.45,MPa,0.254640476,1.047399042,0.035412475,0.04589854,mol/kg,0.74,mol/kg,
Jacob - 2016,297,kelvin,2.76,MPa,0.254640476,1.047399042,0.035412475,0.04589854,mol/kg,0.65,mol/kg,
Jacob - 2016,297,kelvin,2.76,MPa,0.254640476,1.047399042,0.035412475,0.04589854,mol/kg,0.66,mol/kg,
Jacob - 2016,297,kelvin,2.07,MPa,0.254640476,1.047399042,0.035412475,0.04589854,mol/kg,0.53,mol/kg,
Jacob - 2016,297,kelvin,2.05,MPa,0.254640476,1.047399042,0.035412475,0.04589854,mol/kg,0.53,mol/kg,
Jacob - 2016,297,kelvin,1.41,MPa,0.254640476,1.047399042,0.035412475,0.04589854,mol/kg,0.47,mol/kg,
Jacob - 2016,297,kelvin,1.38,MPa,0.254640476,1.047399042,0.035412475,0.04589854,mol/kg,0.41,mol/kg,
Jacob - 2016,297,kelvin,0.69,MPa,0.254640476,1.047399042,0.035412475,0.04589854,mol/kg,0.3,mol/kg,
Jacob - 2016,297,kelvin,0.69,MPa,0.254640476,1.047399042,0.035412475,0.04589854,mol/kg,0.29,mol/kg,
Jacob - 2016,297,kelvin,14.12,MPa,0.339520634,1.396646133,0.047216633,0.061338095,mol/kg,0.9,mol/kg,
Jacob - 2016,297,kelvin,13.09,MPa,0.339520634,1.396646133,0.047216633,0.061338095,mol/kg,0.92,mol/kg,*
Jacob - 2016,297,kelvin,12.82,MPa,0.339520634,1.396646133,0.047216633,0.061338095,mol/kg,0.9,mol/kg,
Jacob - 2016,297,kelvin,11.2,MPa,0.339520634,1.396646133,0.047216633,0.061338095,mol/kg,0.91,mol/kg,
Jacob - 2016,297,kelvin,9.99,MPa,0.339520634,1.396646133,0.047216633,0.061338095,mol/kg,0.91,mol/kg,
Jacob - 2016,297,kelvin,9.3,MPa,0.339520634,1.396646133,0.047216633,0.061338095,mol/kg,0.87,mol/kg,
Jacob - 2016,297,kelvin,8.1,MPa,0.339520634,1.396646133,0.047216633,0.061338095,mol/kg,1.02,mol/kg,
Jacob - 2016,297,kelvin,8.1,MPa,0.339520634,1.396646133,0.047216633,0.061338095,mol/kg,0.89,mol/kg,
Jacob - 2016,297,kelvin,8.03,MPa,0.339520634,1.396646133,0.047216633,0.061338095,mol/kg,0.91,mol/kg,
Jacob - 2016,297,kelvin,7.58,MPa,0.339520634,1.396646133,0.047216633,0.061338095,mol/kg,0.94,mol/kg,
Jacob - 2016,297,kelvin,7.1,MPa,0.339520634,1.396646133,0.047216633,0.061338095,mol/kg,0.91,mol/kg,
Jacob - 2016,297,kelvin,6.89,MPa,0.339520634,1.396646133,0.047216633,0.061338095,mol/kg,0.93,mol/kg,
Jacob - 2016,297,kelvin,6.75,MPa,0.339520634,1.396646133,0.047216633,0.061338095,mol/kg,0.88,mol/kg,
Jacob - 2016,297,kelvin,6.72,MPa,0.339520634,1.396646133,0.047216633,0.061338095,mol/kg,0.93,mol/kg,
Jacob - 2016,297,kelvin,6.51,MPa,0.339520634,1.396646133,0.047216633,0.061338095,mol/kg,0.92,mol/kg,
Jacob - 2016,297,kelvin,6.41,MPa,0.339520634,1.396646133,0.047216633,0.061338095,mol/kg,0.89,mol/kg,
Jacob - 2016,297,kelvin,6.37,MPa,0.339520634,1.396646133,0.047216633,0.061338095,mol/kg,0.9,mol/kg,
Jacob - 2016,297,kelvin,6.2,MPa,0.339520634,1.396646133,0.047216633,0.061338095,mol/kg,0.91,mol/kg,
Jacob - 2016,297,kelvin,6.17,MPa,0.339520634,1.396646133,0.047216633,0.061338095,mol/kg,0.91,mol/kg,
Jacob - 2016,297,kelvin,5.86,MPa,0.339520634,1.396646133,0.047216633,0.061338095,mol/kg,0.88,mol/kg,
Jacob - 2016,297,kelvin,5.37,MPa,0.339520634,1.396646133,0.047216633,0.061338095,mol/kg,0.88,mol/kg,
Jacob - 2016,297,kelvin,5.37,MPa,0.339520634,1.396646133,0.047216633,0.061338095,mol/kg,0.87,mol/kg,
Jacob - 2016,297,kelvin,4.86,MPa,0.339520634,1.396646133,0.047216633,0.061338095,mol/kg,0.83,mol/kg,
Jacob - 2016,297,kelvin,4.82,MPa,0.339520634,1.396646133,0.047216633,0.061338095,mol/kg,0.8,mol/kg,
Jacob - 2016,297,kelvin,4.82,MPa,0.339520634,1.396646133,0.047216633,0.061338095,mol/kg,0.83,mol/kg,
Jacob - 2016,297,kelvin,4.27,MPa,0.339520634,1.396646133,0.047216633,0.061338095,mol/kg,0.44,mol/kg,
Jacob - 2016,297,kelvin,4.13,MPa,0.339520634,1.396646133,0.047216633,0.061338095,mol/kg,0.78,mol/kg,
Jacob - 2016,297,kelvin,4.13,MPa,0.339520634,1.396646133,0.047216633,0.061338095,mol/kg,0.77,mol/kg,
Jacob - 2016,297,kelvin,4.1,MPa,0.339520634,1.396646133,0.047216633,0.061338095,mol/kg,0.74,mol/kg,
Jacob - 2016,297,kelvin,4.03,MPa,0.339520634,1.396646133,0.047216633,0.061338095,mol/kg,0.79,mol/kg,
Jacob - 2016,297,kelvin,3.79,MPa,0.339520634,1.396646133,0.047216633,0.061338095,mol/kg,0.59,mol/kg,
Jacob - 2016,297,kelvin,3.62,MPa,0.339520634,1.396646133,0.047216633,0.061338095,mol/kg,0.7,mol/kg,
Jacob - 2016,297,kelvin,3.51,MPa,0.339520634,1.396646133,0.047216633,0.061338095,mol/kg,0.64,mol/kg,
Jacob - 2016,297,kelvin,3.45,MPa,0.339520634,1.396646133,0.047216633,0.061338095,mol/kg,0.64,mol/kg,
Jacob - 2016,297,kelvin,3.45,MPa,0.339520634,1.396646133,0.047216633,0.061338095,mol/kg,0.73,mol/kg,
Jacob - 2016,297,kelvin,3.45,MPa,0.339520634,1.396646133,0.047216633,0.061338095,mol/kg,0.75,mol/kg,
Jacob - 2016,297,kelvin,3.41,MPa,0.339520634,1.396646133,0.047216633,0.061338095,mol/kg,0.7,mol/kg,
Jacob - 2016,297,kelvin,2.86,MPa,0.339520634,1.396646133,0.047216633,0.061338095,mol/kg,0.59,mol/kg,
Jacob - 2016,297,kelvin,2.82,MPa,0.339520634,1.396646133,0.047216633,0.061338095,mol/kg,0.6,mol/kg,
Jacob - 2016,297,kelvin,2.76,MPa,0.339520634,1.396646133,0.047216633,0.061338095,mol/kg,0.56,mol/kg,
Jacob - 2016,297,kelvin,2.76,MPa,0.339520634,1.396646133,0.047216633,0.061338095,mol/kg,0.64,mol/kg,
Jacob - 2016,297,kelvin,2.41,MPa,0.339520634,1.396646133,0.047216633,0.061338095,mol/kg,0.54,mol/kg,
Jacob - 2016,297,kelvin,2.07,MPa,0.339520634,1.396646133,0.047216633,0.061338095,mol/kg,0.5,mol/kg,
Jacob - 2016,297,kelvin,1.72,MPa,0.339520634,1.396646133,0.047216633,0.061338095,mol/kg,0.45,mol/kg,
Jacob - 2016,297,kelvin,1.55,MPa,0.339520634,1.396646133,0.047216633,0.061338095,mol/kg,0.4,mol/kg,
Jacob - 2016,297,kelvin,1.52,MPa,0.339520634,1.396646133,0.047216633,0.061338095,mol/kg,0.37,mol/kg,
Jacob - 2016,297,kelvin,1,MPa,0.339520634,1.396646133,0.047216633,0.061338095,mol/kg,0.29,mol/kg,
Jacob - 2016,297,kelvin,0.52,MPa,0.339520634,1.396646133,0.047216633,0.061338095,mol/kg,0.22,mol/kg,
Gilbert - 2016,333.65,kelvin,2.02,MPa,0.1,0,0,0,mol/kg,0.29,mol/kg,
Gilbert - 2016,335.15,kelvin,4.47,MPa,0.1,0,0,0,mol/kg,0.65,mol/kg,
Gilbert - 2016,343.15,kelvin,2.92,MPa,1,0,0,0,mol/kg,0.38,mol/kg,
Gilbert - 2016,329.35,kelvin,7.25,MPa,1,0,0,0,mol/kg,0.81,mol/kg,
Zhao - 2015,323,kelvin,15,MPa,0.333,0,0,0,mol/kg,1.094,mol/kg,
Zhao - 2015,323,kelvin,15,MPa,0.667,0,0,0,mol/kg,0.965,mol/kg,
Zhao - 2015,323,kelvin,15,MPa,1,0,0,0,mol/kg,0.853,mol/kg,
Zhao - 2015,323,kelvin,15,MPa,1.333,0,0,0,mol/kg,0.746,mol/kg,
Zhao - 2015,323,kelvin,15,MPa,1.667,0,0,0,mol/kg,0.663,mol/kg,
Zhao - 2015,323,kelvin,15,MPa,2,0,0,0,mol/kg,0.618,mol/kg,
Zhao - 2015,373,kelvin,15,MPa,0.333,0,0,0,mol/kg,0.898,mol/kg,
Zhao - 2015,373,kelvin,15,MPa,0.667,0,0,0,mol/kg,0.777,mol/kg,
Zhao - 2015,373,kelvin,15,MPa,1,0,0,0,mol/kg,0.683,mol/kg,
Zhao - 2015,373,kelvin,15,MPa,1.333,0,0,0,mol/kg,0.614,mol/kg,
Zhao - 2015,373,kelvin,15,MPa,0.667,0,0,0,mol/kg,0.544,mol/kg,
Zhao - 2015,373,kelvin,15,MPa,2,0,0,0,mol/kg,0.491,mol/kg,
Zhao - 2015,423,kelvin,15,MPa,0.333,0,0,0,mol/kg,0.866,mol/kg,
Zhao - 2015,423,kelvin,15,MPa,0.667,0,0,0,mol/kg,0.723,mol/kg,
Zhao - 2015,423,kelvin,15,MPa,1,0,0,0,mol/kg,0.632,mol/kg,
Zhao - 2015,423,kelvin,15,MPa,1.333,0,0,0,mol/kg,0.55,mol/kg,
Zhao - 2015,423,kelvin,15,MPa,1.667,0,0,0,mol/kg,0.49,mol/kg,
Zhao - 2015,423,kelvin,15,MPa,2,0,0,0,mol/kg,0.442,mol/kg,
Zhao - 2015,323,kelvin,15,MPa,0,0,0,0.5,mol/kg,1.174,mol/kg,
Zhao - 2015,323,kelvin,15,MPa,0,0,0,1,mol/kg,1.112,mol/kg,
Zhao - 2015,323,kelvin,15,MPa,0,0,0,2,mol/kg,1.005,mol/kg,
Zhao - 2015,323,kelvin,15,MPa,0,0,0,3,mol/kg,0.929,mol/kg,
Zhao - 2015,323,kelvin,15,MPa,0,0,0,4,mol/kg,0.88,mol/kg,
Zhao - 2015,323,kelvin,15,MPa,0,0,0,4.5,mol/kg,0.855,mol/kg,
Zhao - 2015,373,kelvin,15,MPa,0,0,0,0.5,mol/kg,0.941,mol/kg,
Zhao - 2015,373,kelvin,15,MPa,0,0,0,1,mol/kg,0.895,mol/kg,
Zhao - 2015,373,kelvin,15,MPa,0,0,0,2,mol/kg,0.805,mol/kg,
Zhao - 2015,373,kelvin,15,MPa,0,0,0,3,mol/kg,0.74,mol/kg,
Zhao - 2015,373,kelvin,15,MPa,0,0,0,4,mol/kg,0.683,mol/kg,
Zhao - 2015,373,kelvin,15,MPa,0,0,0,4.5,mol/kg,0.657,mol/kg,
Zhao - 2015,423,kelvin,15,MPa,0,0,0,0.5,mol/kg,0.881,mol/kg,
Zhao - 2015,423,kelvin,15,MPa,0,0,0,1,mol/kg,0.816,mol/kg,
Zhao - 2015,423,kelvin,15,MPa,0,0,0,2,mol/kg,0.724,mol/kg,
Zhao - 2015,423,kelvin,15,MPa,0,0,0,3,mol/kg,0.651,mol/kg,
Zhao - 2015,423,kelvin,15,MPa,0,0,0,4,mol/kg,0.593,mol/kg,
Zhao - 2015,423,kelvin,15,MPa,0,0,0,4.5,mol/kg,0.565,mol/kg,
Hamidi - 2015,308.15,kelvin,2.0541,MPa,0.15841411,0.30083501,0.235825593,0,mol/kg,0.440860797,mol/kg,
Hamidi - 2015,308.15,kelvin,3.7602,MPa,0.15841411,0.30083501,0.235825593,0,mol/kg,0.674332218,mol/kg,
Hamidi - 2015,308.15,kelvin,6.0485,MPa,0.15841411,0.30083501,0.235825593,0,mol/kg,0.930370256,mol/kg,
Hamidi - 2015,308.15,kelvin,8.0331,MPa,0.15841411,0.30083501,0.235825593,0,mol/kg,1.060514741,mol/kg,
Hamidi - 2015,308.15,kelvin,10.06,MPa,0.15841411,0.30083501,0.235825593,0,mol/kg,1.096663925,mol/kg,*
Hamidi - 2015,308.15,kelvin,12.064,MPa,0.15841411,0.30083501,0.235825593,0,mol/kg,1.119331785,mol/kg,
Hamidi - 2015,308.15,kelvin,14.133,MPa,0.15841411,0.30083501,0.235825593,0,mol/kg,1.137482129,mol/kg,
Hamidi - 2015,308.15,kelvin,15.836,MPa,0.15841411,0.30083501,0.235825593,0,mol/kg,1.142017768,mol/kg,
Hamidi - 2015,308.15,kelvin,2.3767,MPa,0.333356365,0.633057655,0.496256061,0,mol/kg,0.393873214,mol/kg,
Hamidi - 2015,308.15,kelvin,4.3413,MPa,0.333356365,0.633057655,0.496256061,0,mol/kg,0.61768771,mol/kg,
Hamidi - 2015,308.15,kelvin,6.348,MPa,0.333356365,0.633057655,0.496256061,0,mol/kg,0.779598633,mol/kg,
Hamidi - 2015,308.15,kelvin,8.3535,MPa,0.333356365,0.633057655,0.496256061,0,mol/kg,0.859184411,mol/kg,
Hamidi - 2015,308.15,kelvin,10.143,MPa,0.333356365,0.633057655,0.496256061,0,mol/kg,0.912533533,mol/kg,*
Hamidi - 2015,308.15,kelvin,11.35,MPa,0.333356365,0.633057655,0.496256061,0,mol/kg,0.917008636,mol/kg,
Hamidi - 2015,308.15,kelvin,13.312,MPa,0.333356365,0.633057655,0.496256061,0,mol/kg,0.939311037,mol/kg,*
Hamidi - 2015,308.15,kelvin,15.682,MPa,0.333356365,0.633057655,0.496256061,0,mol/kg,0.940962003,mol/kg,
Hamidi - 2015,308.15,kelvin,2.1166,MPa,0.501583817,0.95252861,0.746690436,0,mol/kg,0.296246227,mol/kg,
Hamidi - 2015,308.15,kelvin,4.0377,MPa,0.501583817,0.95252861,0.746690436,0,mol/kg,0.49664923,mol/kg,
Hamidi - 2015,308.15,kelvin,6.0442,MPa,0.501583817,0.95252861,0.746690436,0,mol/kg,0.643800905,mol/kg,
Hamidi - 2015,308.15,kelvin,7.0149,MPa,0.501583817,0.95252861,0.746690436,0,mol/kg,0.700548244,mol/kg,
Hamidi - 2015,308.15,kelvin,9.063,MPa,0.501583817,0.95252861,0.746690436,0,mol/kg,0.744404736,mol/kg,
Hamidi - 2015,308.15,kelvin,11.067,MPa,0.501583817,0.95252861,0.746690436,0,mol/kg,0.756640248,mol/kg,
Hamidi - 2015,308.15,kelvin,13.568,MPa,0.501583817,0.95252861,0.746690436,0,mol/kg,0.770802411,mol/kg,
Hamidi - 2015,308.15,kelvin,15.551,MPa,0.501583817,0.95252861,0.746690436,0,mol/kg,0.788425771,mol/kg,
Hamidi - 2015,318.15,kelvin,2.0316,MPa,0.15841411,0.30083501,0.235825593,0,mol/kg,0.370263088,mol/kg,
Hamidi - 2015,318.15,kelvin,4.0632,MPa,0.15841411,0.30083501,0.235825593,0,mol/kg,0.615937719,mol/kg,
Hamidi - 2015,318.15,kelvin,6.1174,MPa,0.15841411,0.30083501,0.235825593,0,mol/kg,0.81738539,mol/kg,
Hamidi - 2015,318.15,kelvin,8.1038,MPa,0.15841411,0.30083501,0.235825593,0,mol/kg,0.947099701,mol/kg,
Hamidi - 2015,318.15,kelvin,10.068,MPa,0.15841411,0.30083501,0.235825593,0,mol/kg,1.022812476,mol/kg,
Hamidi - 2015,318.15,kelvin,12.122,MPa,0.15841411,0.30083501,0.235825593,0,mol/kg,1.053546845,mol/kg,
Hamidi - 2015,318.15,kelvin,14.131,MPa,0.15841411,0.30083501,0.235825593,0,mol/kg,1.074238498,mol/kg,
Hamidi - 2015,318.15,kelvin,15.801,MPa,0.15841411,0.30083501,0.235825593,0,mol/kg,1.084759967,mol/kg,
Hamidi - 2015,318.15,kelvin,2.5959,MPa,0.333356365,0.633057655,0.496256061,0,mol/kg,0.367916459,mol/kg,
Hamidi - 2015,318.15,kelvin,4.605,MPa,0.333356365,0.633057655,0.496256061,0,mol/kg,0.54824964,mol/kg,
Hamidi - 2015,318.15,kelvin,6.5463,MPa,0.333356365,0.633057655,0.496256061,0,mol/kg,0.699437636,mol/kg,
Hamidi - 2015,318.15,kelvin,8.5779,MPa,0.333356365,0.633057655,0.496256061,0,mol/kg,0.793292041,mol/kg,
Hamidi - 2015,318.15,kelvin,10.248,MPa,0.333356365,0.633057655,0.496256061,0,mol/kg,0.828291109,mol/kg,
Hamidi - 2015,318.15,kelvin,11.516,MPa,0.333356365,0.633057655,0.496256061,0,mol/kg,0.86334555,mol/kg,
Hamidi - 2015,318.15,kelvin,13.612,MPa,0.333356365,0.633057655,0.496256061,0,mol/kg,0.868781718,mol/kg,
Hamidi - 2015,318.15,kelvin,15.553,MPa,0.333356365,0.633057655,0.496256061,0,mol/kg,0.884173289,mol/kg,
Hamidi - 2015,318.15,kelvin,2.0993,MPa,0.501583817,0.95252861,0.746690436,0,mol/kg,0.23784213,mol/kg,
Hamidi - 2015,318.15,kelvin,4.0858,MPa,0.501583817,0.95252861,0.746690436,0,mol/kg,0.418427168,mol/kg,
Hamidi - 2015,318.15,kelvin,6.0722,MPa,0.501583817,0.95252861,0.746690436,0,mol/kg,0.543770118,mol/kg,
Hamidi - 2015,318.15,kelvin,8.0813,MPa,0.501583817,0.95252861,0.746690436,0,mol/kg,0.616920558,mol/kg,
Hamidi - 2015,318.15,kelvin,10.068,MPa,0.501583817,0.95252861,0.746690436,0,mol/kg,0.700306798,mol/kg,
Hamidi - 2015,318.15,kelvin,13.025,MPa,0.501583817,0.95252861,0.746690436,0,mol/kg,0.720629778,mol/kg,
Hamidi - 2015,318.15,kelvin,14.063,MPa,0.501583817,0.95252861,0.746690436,0,mol/kg,0.740503501,mol/kg,
Hamidi - 2015,318.15,kelvin,15.44,MPa,0.501583817,0.95252861,0.746690436,0,mol/kg,0.760508022,mol/kg,
Hamidi - 2015,328.15,kelvin,2.1089,MPa,0.15841411,0.30083501,0.235825593,0,mol/kg,0.294777257,mol/kg,
Hamidi - 2015,328.15,kelvin,4.1037,MPa,0.15841411,0.30083501,0.235825593,0,mol/kg,0.534482988,mol/kg,
Hamidi - 2015,328.15,kelvin,6.0749,MPa,0.15841411,0.30083501,0.235825593,0,mol/kg,0.715455069,mol/kg,
Hamidi - 2015,328.15,kelvin,8.045,MPa,0.15841411,0.30083501,0.235825593,0,mol/kg,0.834834507,mol/kg,
Hamidi - 2015,328.15,kelvin,10.105,MPa,0.15841411,0.30083501,0.235825593,0,mol/kg,0.925151768,mol/kg,
Hamidi - 2015,328.15,kelvin,12.075,MPa,0.15841411,0.30083501,0.235825593,0,mol/kg,0.990078668,mol/kg,
Hamidi - 2015,328.15,kelvin,14.134,MPa,0.15841411,0.30083501,0.235825593,0,mol/kg,1.003126673,mol/kg,
Hamidi - 2015,328.15,kelvin,15.785,MPa,0.15841411,0.30083501,0.235825593,0,mol/kg,1.020505019,mol/kg,
Hamidi - 2015,328.15,kelvin,2.4028,MPa,0.333356365,0.633057655,0.496256061,0,mol/kg,0.282519842,mol/kg,
Hamidi - 2015,328.15,kelvin,4.3514,MPa,0.333356365,0.633057655,0.496256061,0,mol/kg,0.463716502,mol/kg,
Hamidi - 2015,328.15,kelvin,6.3898,MPa,0.333356365,0.633057655,0.496256061,0,mol/kg,0.601492345,mol/kg,
Hamidi - 2015,328.15,kelvin,8.3598,MPa,0.333356365,0.633057655,0.496256061,0,mol/kg,0.706972523,mol/kg,
Hamidi - 2015,328.15,kelvin,10.397,MPa,0.333356365,0.633057655,0.496256061,0,mol/kg,0.766479611,mol/kg,
Hamidi - 2015,328.15,kelvin,11.891,MPa,0.333356365,0.633057655,0.496256061,0,mol/kg,0.792050951,mol/kg,
Hamidi - 2015,328.15,kelvin,13.611,MPa,0.333356365,0.633057655,0.496256061,0,mol/kg,0.826265345,mol/kg,
Hamidi - 2015,328.15,kelvin,15.624,MPa,0.333356365,0.633057655,0.496256061,0,mol/kg,0.853141138,mol/kg,
Hamidi - 2015,328.15,kelvin,2.0624,MPa,0.501583817,0.95252861,0.746690436,0,mol/kg,0.217321277,mol/kg,
Hamidi - 2015,328.15,kelvin,3.58,MPa,0.501583817,0.95252861,0.746690436,0,mol/kg,0.327558824,mol/kg,
Hamidi - 2015,328.15,kelvin,5.6183,MPa,0.501583817,0.95252861,0.746690436,0,mol/kg,0.459576916,mol/kg,
Hamidi - 2015,328.15,kelvin,7.2937,MPa,0.501583817,0.95252861,0.746690436,0,mol/kg,0.530318096,mol/kg,
Hamidi - 2015,328.15,kelvin,9.5803,MPa,0.501583817,0.95252861,0.746690436,0,mol/kg,0.630953019,mol/kg,
Hamidi - 2015,328.15,kelvin,11.572,MPa,0.501583817,0.95252861,0.746690436,0,mol/kg,0.668888967,mol/kg,
Hamidi - 2015,328.15,kelvin,13.676,MPa,0.501583817,0.95252861,0.746690436,0,mol/kg,0.694272277,mol/kg,
Hamidi - 2015,328.15,kelvin,15.6,MPa,0.501583817,0.95252861,0.746690436,0,mol/kg,0.702745627,mol/kg,
Hamidi - 2015,318.15,kelvin,2.0883,MPa,0.500590697,0,0.745212013,0,mol/kg,0.321948522,mol/kg,
Hamidi - 2015,318.15,kelvin,4.0397,MPa,0.500590697,0,0.745212013,0,mol/kg,0.540268713,mol/kg,
Hamidi - 2015,318.15,kelvin,6.0571,MPa,0.500590697,0,0.745212013,0,mol/kg,0.709654374,mol/kg,
Hamidi - 2015,318.15,kelvin,8.0726,MPa,0.500590697,0,0.745212013,0,mol/kg,0.799182922,mol/kg,
Hamidi - 2015,318.15,kelvin,10.054,MPa,0.500590697,0,0.745212013,0,mol/kg,0.868757225,mol/kg,
Hamidi - 2015,318.15,kelvin,12.102,MPa,0.500590697,0,0.745212013,0,mol/kg,0.893128258,mol/kg,
Hamidi - 2015,318.15,kelvin,14.149,MPa,0.500590697,0,0.745212013,0,mol/kg,0.913393998,mol/kg,
Hamidi - 2015,318.15,kelvin,15.961,MPa,0.500590697,0,0.745212013,0,mol/kg,0.929607032,mol/kg,
Hamidi - 2015,318.15,kelvin,2.5924,MPa,0.333356365,0.633057655,0.496256061,0,mol/kg,0.353424871,mol/kg,
Hamidi - 2015,318.15,kelvin,4.5095,MPa,0.333356365,0.633057655,0.496256061,0,mol/kg,0.540173452,mol/kg,
Hamidi - 2015,318.15,kelvin,6.5938,MPa,0.333356365,0.633057655,0.496256061,0,mol/kg,0.701417489,mol/kg,
Hamidi - 2015,318.15,kelvin,8.6096,MPa,0.333356365,0.633057655,0.496256061,0,mol/kg,0.803176768,mol/kg,
Hamidi - 2015,318.15,kelvin,10.221,MPa,0.333356365,0.633057655,0.496256061,0,mol/kg,0.831611185,mol/kg,
Hamidi - 2015,318.15,kelvin,11.765,MPa,0.333356365,0.633057655,0.496256061,0,mol/kg,0.860138896,mol/kg,
Hamidi - 2015,318.15,kelvin,13.645,MPa,0.333356365,0.633057655,0.496256061,0,mol/kg,0.863884157,mol/kg,
Hamidi - 2015,318.15,kelvin,15.558,MPa,0.333356365,0.633057655,0.496256061,0,mol/kg,0.880004798,mol/kg,
Hamidi - 2015,318.15,kelvin,2.5581,MPa,0.500590697,0.950642634,0,0,mol/kg,0.325805311,mol/kg,
Hamidi - 2015,318.15,kelvin,4.6097,MPa,0.500590697,0.950642634,0,0,mol/kg,0.520090694,mol/kg,
Hamidi - 2015,318.15,kelvin,6.6266,MPa,0.500590697,0.950642634,0,0,mol/kg,0.668888967,mol/kg,
Hamidi - 2015,318.15,kelvin,8.6084,MPa,0.500590697,0.950642634,0,0,mol/kg,0.749931688,mol/kg,
Hamidi - 2015,318.15,kelvin,10.69,MPa,0.500590697,0.950642634,0,0,mol/kg,0.798647266,mol/kg,
Hamidi - 2015,318.15,kelvin,12.502,MPa,0.500590697,0.950642634,0,0,mol/kg,0.809828069,mol/kg,
Hamidi - 2015,318.15,kelvin,14.415,MPa,0.500590697,0.950642634,0,0,mol/kg,0.814313119,mol/kg,
Hamidi - 2015,318.15,kelvin,15.993,MPa,0.500590697,0.950642634,0,0,mol/kg,0.834541441,mol/kg,
Hamidi - 2015,318.15,kelvin,2.1244,MPa,1.001181394,0,0,0,mol/kg,0.2593922,mol/kg,
Hamidi - 2015,318.15,kelvin,4.1116,MPa,1.001181394,0,0,0,mol/kg,0.467644563,mol/kg,
Hamidi - 2015,318.15,kelvin,6.0967,MPa,1.001181394,0,0,0,mol/kg,0.597351285,mol/kg,
Hamidi - 2015,318.15,kelvin,8.1476,MPa,1.001181394,0,0,0,mol/kg,0.70757649,mol/kg,
Hamidi - 2015,318.15,kelvin,10.129,MPa,1.001181394,0,0,0,mol/kg,0.790664005,mol/kg,
Hamidi - 2015,318.15,kelvin,12.11,MPa,1.001181394,0,0,0,mol/kg,0.807391259,mol/kg,
Hamidi - 2015,318.15,kelvin,14.09,MPa,1.001181394,0,0,0,mol/kg,0.809925552,mol/kg,
Hamidi - 2015,318.15,kelvin,15.869,MPa,1.001181394,0,0,0,mol/kg,0.829267504,mol/kg,
Bastami - 2014,328.15,kelvin,6.89,MPa,1.9,0,0,0,mol/l,0.391304214,mol/kg,
Bastami - 2014,328.15,kelvin,13.79,MPa,1.9,0,0,0,mol/l,0.532396092,mol/kg,
Bastami - 2014,328.15,kelvin,20.68,MPa,1.9,0,0,0,mol/l,0.577696037,mol/kg,
Bastami - 2014,348.15,kelvin,6.89,MPa,1.9,0,0,0,mol/l,0.351925708,mol/kg,
Bastami - 2014,348.15,kelvin,13.79,MPa,1.9,0,0,0,mol/l,0.498469126,mol/kg,
Bastami - 2014,348.15,kelvin,20.68,MPa,1.9,0,0,0,mol/l,0.555036914,mol/kg,
Bastami - 2014,351.65,kelvin,13.79,MPa,1.9,0,0,0,mol/l,0.492818625,mol/kg,
Bastami - 2014,368.15,kelvin,13.79,MPa,1.9,0,0,0,mol/l,0.464583212,mol/kg,
Bastami - 2014,368.15,kelvin,20.68,MPa,1.9,0,0,0,mol/l,0.538054583,mol/kg,
Bastami - 2014,375.15,kelvin,6.89,MPa,1.9,0,0,0,mol/l,0.323832154,mol/kg,
Bastami - 2014,375.15,kelvin,20.68,MPa,1.9,0,0,0,mol/l,0.538054583,mol/kg,
Bastami - 2014,328.15,kelvin,6.89,MPa,4.8,0,0,0,mol/l,0.178199993,mol/kg,
Bastami - 2014,328.15,kelvin,13.79,MPa,4.8,0,0,0,mol/l,0.2733349,mol/kg,
Bastami - 2014,328.15,kelvin,20.68,MPa,4.8,0,0,0,mol/l,0.278941195,mol/kg,
Bastami - 2014,348.15,kelvin,13.79,MPa,4.8,0,0,0,mol/l,0.228525074,mol/kg,
Bastami - 2014,348.15,kelvin,20.68,MPa,4.8,0,0,0,mol/l,0.256522775,mol/kg,
Bastami - 2014,351.65,kelvin,6.89,MPa,4.8,0,0,0,mol/l,0.16702898,mol/kg,
Bastami - 2014,351.65,kelvin,20.68,MPa,4.8,0,0,0,mol/l,0.250920985,mol/kg,
Bastami - 2014,368.15,kelvin,6.89,MPa,4.8,0,0,0,mol/l,0.144700395,mol/kg,
Bastami - 2014,368.15,kelvin,13.79,MPa,4.8,0,0,0,mol/l,0.217333864,mol/kg,
Bastami - 2014,368.15,kelvin,20.68,MPa,4.8,0,0,0,mol/l,0.250920985,mol/kg,
Bastami - 2014,375.15,kelvin,13.79,MPa,4.8,0,0,0,mol/l,0.211739943,mol/kg,
Tong - 2013,309.67,kelvin,1.53,MPa,1,0,0,0,mol/kg,0.250920985,mol/kg,
Tong - 2013,309.28,kelvin,4.01,MPa,1,0,0,0,mol/kg,0.583363679,mol/kg,
Tong - 2013,309.28,kelvin,7.67,MPa,1,0,0,0,mol/kg,0.908323706,mol/kg,
Tong - 2013,344.67,kelvin,2.58,MPa,1,0,0,0,mol/kg,0.222928907,mol/kg,
Tong - 2013,344.35,kelvin,7.3,MPa,1,0,0,0,mol/kg,0.549374993,mol/kg,
Tong - 2013,344.95,kelvin,31.02,MPa,1,0,0,0,mol/kg,0.851041118,mol/kg,
Tong - 2013,374.7,kelvin,3.13,MPa,1,0,0,0,mol/kg,0.211739943,mol/kg,
Tong - 2013,374.7,kelvin,10.02,MPa,1,0,0,0,mol/kg,0.521082537,mol/kg,
Tong - 2013,374.88,kelvin,37.38,MPa,1,0,0,0,mol/kg,0.908323706,mol/kg,
Tong - 2013,424.13,kelvin,4.39,MPa,1,0,0,0,mol/kg,0.217333864,mol/kg,
Tong - 2013,424.1,kelvin,12.77,MPa,1,0,0,0,mol/kg,0.560699978,mol/kg,
Tong - 2013,424.43,kelvin,26.82,MPa,1,0,0,0,mol/kg,0.891126707,mol/kg,
Tong - 2013,309.61,kelvin,2.73,MPa,3,0,0,0,mol/kg,0.200555472,mol/kg,
Tong - 2013,309.63,kelvin,6.59,MPa,3,0,0,0,mol/kg,0.436376258,mol/kg,
Tong - 2013,309.59,kelvin,26,MPa,3,0,0,0,mol/kg,0.453297018,mol/kg,
Tong - 2013,344.8,kelvin,3.93,MPa,3,0,0,0,mol/kg,0.178199993,mol/kg,
Tong - 2013,344.95,kelvin,13.91,MPa,3,0,0,0,mol/kg,0.380047548,mol/kg,
Tong - 2013,345.08,kelvin,34.43,MPa,3,0,0,0,mol/kg,0.436376258,mol/kg,
Tong - 2013,374.65,kelvin,5.99,MPa,3,0,0,0,mol/kg,0.200555472,mol/kg,
Tong - 2013,374.8,kelvin,15.72,MPa,3,0,0,0,mol/kg,0.357547812,mol/kg,
Tong - 2013,374.8,kelvin,33.45,MPa,3,0,0,0,mol/kg,0.430738278,mol/kg,
Tong - 2013,424.4,kelvin,8.29,MPa,3,0,0,0,mol/kg,0.211739943,mol/kg,
Tong - 2013,424.39,kelvin,27.11,MPa,3,0,0,0,mol/kg,0.453297018,mol/kg,
Tong - 2013,424.38,kelvin,37.99,MPa,3,0,0,0,mol/kg,0.504120767,mol/kg,
Tong - 2013,309.7,kelvin,4.54,MPa,5,0,0,0,mol/kg,0.172613926,mol/kg,
Tong - 2013,309.74,kelvin,23,MPa,5,0,0,0,mol/kg,0.256522775,mol/kg,
Tong - 2013,308,kelvin,24.25,MPa,5,0,0,0,mol/kg,0.2733349,mol/kg,
Tong - 2013,344.72,kelvin,6.12,MPa,5,0,0,0,mol/kg,0.150280862,mol/kg,
Tong - 2013,344.7,kelvin,14.54,MPa,5,0,0,0,mol/kg,0.200555472,mol/kg,
Tong - 2013,344.96,kelvin,34.52,MPa,5,0,0,0,mol/kg,0.284548617,mol/kg,
Tong - 2013,374.72,kelvin,7.61,MPa,5,0,0,0,mol/kg,0.150280862,mol/kg,
Tong - 2013,374.72,kelvin,16.91,MPa,5,0,0,0,mol/kg,0.222928907,mol/kg,
Tong - 2013,374.72,kelvin,34.25,MPa,5,0,0,0,mol/kg,0.267729732,mol/kg,
Tong - 2013,424.43,kelvin,4.64,MPa,5,0,0,0,mol/kg,0.077821968,mol/kg,
Tong - 2013,424.42,kelvin,10.53,MPa,5,0,0,0,mol/kg,0.133542817,mol/kg,
Tong - 2013,424.64,kelvin,29.41,MPa,5,0,0,0,mol/kg,0.267729732,mol/kg,
Tong - 2013,309.58,kelvin,1.25,MPa,0,0,0,1,mol/kg,0.211739943,mol/kg,
Tong - 2013,309.58,kelvin,4.24,MPa,0,0,0,1,mol/kg,0.60604571,mol/kg,
Tong - 2013,309.81,kelvin,7.74,MPa,0,0,0,1,mol/kg,0.988715228,mol/kg,
Tong - 2013,343.9,kelvin,2.04,MPa,0,0,0,1,mol/kg,0.189375489,mol/kg,
Tong - 2013,344.93,kelvin,30.58,MPa,0,0,0,1,mol/kg,0.862488328,mol/kg,
Tong - 2013,374.24,kelvin,2.64,MPa,0,0,0,1,mol/kg,0.161445155,mol/kg,
Tong - 2013,374.22,kelvin,10.25,MPa,0,0,0,1,mol/kg,0.560699978,mol/kg,
Tong - 2013,374.91,kelvin,34.93,MPa,0,0,0,1,mol/kg,0.908323706,mol/kg,
Tong - 2013,424.03,kelvin,3.95,MPa,0,0,0,1,mol/kg,0.19496492,mol/kg,
Tong - 2013,423.95,kelvin,12.63,MPa,0,0,0,1,mol/kg,0.549374993,mol/kg,
Tong - 2013,424.63,kelvin,19.74,MPa,0,0,0,1,mol/kg,0.736824198,mol/kg,
Tong - 2013,424.63,kelvin,28.37,MPa,0,0,0,1,mol/kg,0.908323706,mol/kg,
Tong - 2013,310,kelvin,2.84,MPa,0,0,0,3,mol/kg,0.200555472,mol/kg,
Tong - 2013,309.91,kelvin,6,MPa,0,0,0,3,mol/kg,0.363171048,mol/kg,
Tong - 2013,309.91,kelvin,11.2,MPa,0,0,0,3,mol/kg,0.442015374,mol/kg,
Tong - 2013,309.91,kelvin,20.72,MPa,0,0,0,3,mol/kg,0.515427473,mol/kg,
Tong - 2013,345.06,kelvin,4.05,MPa,0,0,0,3,mol/kg,0.178199993,mol/kg,
Tong - 2013,344.98,kelvin,13.12,MPa,0,0,0,3,mol/kg,0.380047548,mol/kg,
Tong - 2013,345.01,kelvin,31.25,MPa,0,0,0,3,mol/kg,0.447655627,mol/kg,
Tong - 2013,374.84,kelvin,4.95,MPa,0,0,0,3,mol/kg,0.18378718,mol/kg,
Tong - 2013,374.9,kelvin,15.16,MPa,0,0,0,3,mol/kg,0.357547812,mol/kg,
Tong - 2013,374.83,kelvin,26.29,MPa,0,0,0,3,mol/kg,0.447655627,mol/kg,
Tong - 2013,424.6,kelvin,7.6,MPa,0,0,0,3,mol/kg,0.18378718,mol/kg,
Tong - 2013,424.65,kelvin,19.2,MPa,0,0,0,3,mol/kg,0.351925708,mol/kg,
Tong - 2013,424.68,kelvin,31.71,MPa,0,0,0,3,mol/kg,0.442015374,mol/kg,
Tong - 2013,309.68,kelvin,3.5,MPa,0,0,0,5,mol/kg,0.150280862,mol/kg,
Tong - 2013,309.74,kelvin,9,MPa,0,0,0,5,mol/kg,0.2733349,mol/kg,*
Tong - 2013,309.52,kelvin,31.02,MPa,0,0,0,5,mol/kg,0.312602643,mol/kg,
Tong - 2013,344.68,kelvin,5.8,MPa,0,0,0,5,mol/kg,0.155862449,mol/kg,
Tong - 2013,344.68,kelvin,6,MPa,0,0,0,5,mol/kg,0.155862449,mol/kg,
Tong - 2013,344.68,kelvin,13.09,MPa,0,0,0,5,mol/kg,0.206147146,mol/kg,
Tong - 2013,344.68,kelvin,31.2,MPa,0,0,0,5,mol/kg,0.26212569,mol/kg,
Tong - 2013,374.72,kelvin,7.55,MPa,0,0,0,5,mol/kg,0.144700395,mol/kg,
Tong - 2013,374.68,kelvin,15.6,MPa,0,0,0,5,mol/kg,0.211739943,mol/kg,
Tong - 2013,375.02,kelvin,20.58,MPa,0,0,0,5,mol/kg,0.228525074,mol/kg,
Tong - 2013,424.39,kelvin,4.7,MPa,0,0,0,5,mol/kg,0.07225602,mol/kg,
Tong - 2013,424.33,kelvin,10.34,MPa,0,0,0,5,mol/kg,0.127965706,mol/kg,
Tong - 2013,424.49,kelvin,16.18,MPa,0,0,0,5,mol/kg,0.19496492,mol/kg,
Liu - 2011,308.15,kelvin,2.06,MPa,0.158114553,0.300266138,0.235379653,0,mol/kg,0.425923796,mol/kg,
Liu - 2011,308.15,kelvin,3.79,MPa,0.158114553,0.300266138,0.235379653,0,mol/kg,0.681031374,mol/kg,
Liu - 2011,308.15,kelvin,6.07,MPa,0.158114553,0.300266138,0.235379653,0,mol/kg,0.929508555,mol/kg,
Liu - 2011,308.15,kelvin,8.05,MPa,0.158114553,0.300266138,0.235379653,0,mol/kg,1.060713883,mol/kg,
Liu - 2011,308.15,kelvin,10.06,MPa,0.158114553,0.300266138,0.235379653,0,mol/kg,1.098112178,mol/kg,*
Liu - 2011,308.15,kelvin,12.06,MPa,0.158114553,0.300266138,0.235379653,0,mol/kg,1.110604428,mol/kg,
Liu - 2011,308.15,kelvin,14.07,MPa,0.158114553,0.300266138,0.235379653,0,mol/kg,1.135628276,mol/kg,
Liu - 2011,308.15,kelvin,15.84,MPa,0.158114553,0.300266138,0.235379653,0,mol/kg,1.140639353,mol/kg,
Liu - 2011,308.15,kelvin,2.37,MPa,0.333801295,0.633902595,0.496918413,0,mol/kg,0.3929561,mol/kg,
Liu - 2011,308.15,kelvin,4.35,MPa,0.333801295,0.633902595,0.496918413,0,mol/kg,0.616129486,mol/kg,
Liu - 2011,308.15,kelvin,6.38,MPa,0.333801295,0.633902595,0.496918413,0,mol/kg,0.78757438,mol/kg,
Liu - 2011,308.15,kelvin,8.38,MPa,0.333801295,0.633902595,0.496918413,0,mol/kg,0.873019749,mol/kg,
Liu - 2011,308.15,kelvin,1.15,MPa,0.333801295,0.633902595,0.496918413,0,mol/kg,0.912287698,mol/kg,
Liu - 2011,308.15,kelvin,11.37,MPa,0.333801295,0.633902595,0.496918413,0,mol/kg,0.914746284,mol/kg,
Liu - 2011,308.15,kelvin,13.3,MPa,0.333801295,0.633902595,0.496918413,0,mol/kg,0.939360316,mol/kg,*
Liu - 2011,308.15,kelvin,15.68,MPa,0.333801295,0.633902595,0.496918413,0,mol/kg,0.946754525,mol/kg,
Liu - 2011,308.15,kelvin,1.34,MPa,0.501178906,0.951759669,0.74608766,0,mol/kg,0.206356183,mol/kg,
Liu - 2011,308.15,kelvin,2.08,MPa,0.501178906,0.951759669,0.74608766,0,mol/kg,0.292282771,mol/kg,
Liu - 2011,308.15,kelvin,3,MPa,0.501178906,0.951759669,0.74608766,0,mol/kg,0.390604858,mol/kg,
Liu - 2011,308.15,kelvin,4.07,MPa,0.501178906,0.951759669,0.74608766,0,mol/kg,0.494514063,mol/kg,
Liu - 2011,308.15,kelvin,5.08,MPa,0.501178906,0.951759669,0.74608766,0,mol/kg,0.565898575,mol/kg,
Liu - 2011,308.15,kelvin,6.04,MPa,0.501178906,0.951759669,0.74608766,0,mol/kg,0.640125207,mol/kg,
Liu - 2011,308.15,kelvin,7.03,MPa,0.501178906,0.951759669,0.74608766,0,mol/kg,0.695503067,mol/kg,
Liu - 2011,308.15,kelvin,9.06,MPa,0.501178906,0.951759669,0.74608766,0,mol/kg,0.734181893,mol/kg,
Liu - 2011,308.15,kelvin,11.07,MPa,0.501178906,0.951759669,0.74608766,0,mol/kg,0.75356926,mol/kg,
Liu - 2011,308.15,kelvin,13.6,MPa,0.501178906,0.951759669,0.74608766,0,mol/kg,0.772988702,mol/kg,
Liu - 2011,308.15,kelvin,15.56,MPa,0.501178906,0.951759669,0.74608766,0,mol/kg,0.78757438,mol/kg,
Liu - 2011,318.15,kelvin,2.08,MPa,0.158114553,0.300266138,0.235379653,0,mol/kg,0.357737617,mol/kg,
Liu - 2011,318.15,kelvin,4.08,MPa,0.158114553,0.300266138,0.235379653,0,mol/kg,0.606544994,mol/kg,
Liu - 2011,318.15,kelvin,6.1,MPa,0.158114553,0.300266138,0.235379653,0,mol/kg,0.807050145,mol/kg,
Liu - 2011,318.15,kelvin,8.08,MPa,0.158114553,0.300266138,0.235379653,0,mol/kg,0.939360316,mol/kg,
Liu - 2011,318.15,kelvin,10.08,MPa,0.158114553,0.300266138,0.235379653,0,mol/kg,1.006074984,mol/kg,
Liu - 2011,318.15,kelvin,12.06,MPa,0.158114553,0.300266138,0.235379653,0,mol/kg,1.033363016,mol/kg,
Liu - 2011,318.15,kelvin,14.06,MPa,0.158114553,0.300266138,0.235379653,0,mol/kg,1.060713883,mol/kg,
Liu - 2011,318.15,kelvin,15.84,MPa,0.158114553,0.300266138,0.235379653,0,mol/kg,1.078151796,mol/kg,
Liu - 2011,318.15,kelvin,2.58,MPa,0.333801295,0.633902595,0.496918413,0,mol/kg,0.355393533,mol/kg,
Liu - 2011,318.15,kelvin,4.54,MPa,0.333801295,0.633902595,0.496918413,0,mol/kg,0.542055012,mol/kg,
Liu - 2011,318.15,kelvin,6.55,MPa,0.333801295,0.633902595,0.496918413,0,mol/kg,0.700330943,mol/kg,
Liu - 2011,318.15,kelvin,8.59,MPa,0.333801295,0.633902595,0.496918413,0,mol/kg,0.792440298,mol/kg,
Liu - 2011,318.15,kelvin,10.25,MPa,0.333801295,0.633902595,0.496918413,0,mol/kg,0.828998987,mol/kg,
Liu - 2011,318.15,kelvin,11.71,MPa,0.333801295,0.633902595,0.496918413,0,mol/kg,0.855881024,mol/kg,
Liu - 2011,318.15,kelvin,13.61,MPa,0.333801295,0.633902595,0.496918413,0,mol/kg,0.870569835,mol/kg,
Liu - 2011,318.15,kelvin,15.57,MPa,0.333801295,0.633902595,0.496918413,0,mol/kg,0.880372547,mol/kg,
Liu - 2011,318.15,kelvin,2.07,MPa,0.501178906,0.951759669,0.74608766,0,mol/kg,0.24343476,mol/kg,
Liu - 2011,318.15,kelvin,4.06,MPa,0.501178906,0.951759669,0.74608766,0,mol/kg,0.418851376,mol/kg,
Liu - 2011,318.15,kelvin,6.07,MPa,0.501178906,0.951759669,0.74608766,0,mol/kg,0.551586576,mol/kg,
Liu - 2011,318.15,kelvin,8.08,MPa,0.501178906,0.951759669,0.74608766,0,mol/kg,0.623323025,mol/kg,
Liu - 2011,318.15,kelvin,10.07,MPa,0.501178906,0.951759669,0.74608766,0,mol/kg,0.688264984,mol/kg,
Liu - 2011,318.15,kelvin,13.04,MPa,0.501178906,0.951759669,0.74608766,0,mol/kg,0.722081041,mol/kg,
Liu - 2011,318.15,kelvin,14.02,MPa,0.501178906,0.951759669,0.74608766,0,mol/kg,0.731760723,mol/kg,
Liu - 2011,318.15,kelvin,15.46,MPa,0.501178906,0.951759669,0.74608766,0,mol/kg,0.746295243,mol/kg,
Liu - 2011,328.15,kelvin,2.08,MPa,0.158114553,0.300266138,0.235379653,0,mol/kg,0.285291765,mol/kg,
Liu - 2011,328.15,kelvin,4.09,MPa,0.158114553,0.300266138,0.235379653,0,mol/kg,0.523015288,mol/kg,
Liu - 2011,328.15,kelvin,6.09,MPa,0.158114553,0.300266138,0.235379653,0,mol/kg,0.709992669,mol/kg,
Liu - 2011,328.15,kelvin,8.05,MPa,0.158114553,0.300266138,0.235379653,0,mol/kg,0.828998987,mol/kg,
Liu - 2011,328.15,kelvin,10.09,MPa,0.158114553,0.300266138,0.235379653,0,mol/kg,0.917205383,mol/kg,
Liu - 2011,328.15,kelvin,12.06,MPa,0.158114553,0.300266138,0.235379653,0,mol/kg,0.976377633,mol/kg,
Liu - 2011,328.15,kelvin,14.08,MPa,0.158114553,0.300266138,0.235379653,0,mol/kg,1.001120258,mol/kg,
Liu - 2011,328.15,kelvin,15.85,MPa,0.158114553,0.300266138,0.235379653,0,mol/kg,1.013510956,mol/kg,
Liu - 2011,328.15,kelvin,2.35,MPa,0.333801295,0.633902595,0.496918413,0,mol/kg,0.280633453,mol/kg,
Liu - 2011,328.15,kelvin,4.41,MPa,0.333801295,0.633902595,0.496918413,0,mol/kg,0.466082644,mol/kg,
Liu - 2011,328.15,kelvin,6.43,MPa,0.333801295,0.633902595,0.496918413,0,mol/kg,0.601755699,mol/kg,
Liu - 2011,328.15,kelvin,8.42,MPa,0.333801295,0.633902595,0.496918413,0,mol/kg,0.70516081,mol/kg,
Liu - 2011,328.15,kelvin,10.41,MPa,0.333801295,0.633902595,0.496918413,0,mol/kg,0.772988702,mol/kg,
Liu - 2011,328.15,kelvin,11.85,MPa,0.333801295,0.633902595,0.496918413,0,mol/kg,0.790007087,mol/kg,
Liu - 2011,328.15,kelvin,13.6,MPa,0.333801295,0.633902595,0.496918413,0,mol/kg,0.824117929,mol/kg,
Liu - 2011,328.15,kelvin,15.6,MPa,0.333801295,0.633902595,0.496918413,0,mol/kg,0.843654313,mol/kg,
Liu - 2011,328.15,kelvin,2.06,MPa,0.501178906,0.951759669,0.74608766,0,mol/kg,0.210984456,mol/kg,
Liu - 2011,328.15,kelvin,3.59,MPa,0.501178906,0.951759669,0.74608766,0,mol/kg,0.327301625,mol/kg,
Liu - 2011,328.15,kelvin,5.6,MPa,0.501178906,0.951759669,0.74608766,0,mol/kg,0.458985667,mol/kg,
Liu - 2011,328.15,kelvin,7.3,MPa,0.501178906,0.951759669,0.74608766,0,mol/kg,0.530151531,mol/kg,
Liu - 2011,328.15,kelvin,9.56,MPa,0.501178906,0.951759669,0.74608766,0,mol/kg,0.628121181,mol/kg,
Liu - 2011,328.15,kelvin,11.55,MPa,0.501178906,0.951759669,0.74608766,0,mol/kg,0.664170322,mol/kg,
Liu - 2011,328.15,kelvin,13.67,MPa,0.501178906,0.951759669,0.74608766,0,mol/kg,0.685853284,mol/kg,
Liu - 2011,328.15,kelvin,15.64,MPa,0.501178906,0.951759669,0.74608766,0,mol/kg,0.697916756,mol/kg,
Liu - 2011,318.15,kelvin,2.09,MPa,1.001181394,0,0,0,mol/kg,0.289951963,mol/kg,
Liu - 2011,318.15,kelvin,4.08,MPa,1.001181394,0,0,0,mol/kg,0.489770652,mol/kg,
Liu - 2011,318.15,kelvin,6.07,MPa,1.001181394,0,0,0,mol/kg,0.640125207,mol/kg,
Liu - 2011,318.15,kelvin,8.08,MPa,1.001181394,0,0,0,mol/kg,0.736603562,mol/kg,
Liu - 2011,318.15,kelvin,10.09,MPa,1.001181394,0,0,0,mol/kg,0.794874013,mol/kg,
Liu - 2011,318.15,kelvin,12.08,MPa,1.001181394,0,0,0,mol/kg,0.816800133,mol/kg,
Liu - 2011,318.15,kelvin,14.02,MPa,1.001181394,0,0,0,mol/kg,0.831440276,mol/kg,
Liu - 2011,318.15,kelvin,15.86,MPa,1.001181394,0,0,0,mol/kg,0.848543475,mol/kg,
Liu - 2011,318.15,kelvin,2.46,MPa,0.500590697,0.950642634,0,0,mol/kg,0.33197886,mol/kg,
Liu - 2011,318.15,kelvin,4.58,MPa,0.500590697,0.950642634,0,0,mol/kg,0.523015288,mol/kg,
Liu - 2011,318.15,kelvin,6.58,MPa,0.500590697,0.950642634,0,0,mol/kg,0.666577556,mol/kg,
Liu - 2011,318.15,kelvin,8.58,MPa,0.500590697,0.950642634,0,0,mol/kg,0.748719414,mol/kg,
Liu - 2011,318.15,kelvin,10.56,MPa,0.500590697,0.950642634,0,0,mol/kg,0.792440298,mol/kg,
Liu - 2011,318.15,kelvin,12.43,MPa,0.500590697,0.950642634,0,0,mol/kg,0.809486885,mol/kg,
Liu - 2011,318.15,kelvin,14.45,MPa,0.500590697,0.950642634,0,0,mol/kg,0.821678158,mol/kg,
Liu - 2011,318.15,kelvin,16.02,MPa,0.500590697,0.950642634,0,0,mol/kg,0.843654313,mol/kg,
Liu - 2011,318.15,kelvin,2.09,MPa,0.500590697,0,0.745212013,0,mol/kg,0.313281303,mol/kg,
Liu - 2011,318.15,kelvin,4.08,MPa,0.500590697,0,0.745212013,0,mol/kg,0.534911462,mol/kg,
Liu - 2011,318.15,kelvin,6.09,MPa,0.500590697,0,0.745212013,0,mol/kg,0.70757649,mol/kg,
Liu - 2011,318.15,kelvin,8.09,MPa,0.500590697,0,0.745212013,0,mol/kg,0.80217818,mol/kg,
Liu - 2011,318.15,kelvin,10.09,MPa,0.500590697,0,0.745212013,0,mol/kg,0.868120429,mol/kg,
Liu - 2011,318.15,kelvin,12.08,MPa,0.500590697,0,0.745212013,0,mol/kg,0.890183409,mol/kg,
Liu - 2011,318.15,kelvin,14.08,MPa,0.500590697,0,0.745212013,0,mol/kg,0.917205383,mol/kg,
Liu - 2011,318.15,kelvin,15.87,MPa,0.500590697,0,0.745212013,0,mol/kg,0.929508555,mol/kg,
Prutton - 1945,394.15,kelvin,71.231475,MPa,1.012318006,0,0,0,mol/kg,1.092413019,mol/kg,
Prutton - 1945,394.15,kelvin,62.922825,MPa,1.012318006,0,0,0,mol/kg,1.023238915,mol/kg,
Prutton - 1945,394.15,kelvin,59.275125,MPa,1.012318006,0,0,0,mol/kg,1.040516585,mol/kg,
Prutton - 1945,394.15,kelvin,46.6095,MPa,1.012318006,0,0,0,mol/kg,0.942749185,mol/kg,
Prutton - 1945,394.15,kelvin,44.279025,MPa,1.012318006,0,0,0,mol/kg,0.948490849,mol/kg,
Prutton - 1945,394.15,kelvin,30.3975,MPa,1.012318006,0,0,0,mol/kg,0.833879017,mol/kg,
Prutton - 1945,394.15,kelvin,30.093525,MPa,1.012318006,0,0,0,mol/kg,0.833879017,mol/kg,
Prutton - 1945,394.15,kelvin,15.502725,MPa,1.012318006,0,0,0,mol/kg,0.623069275,mol/kg,
Prutton - 1945,394.15,kelvin,15.097425,MPa,1.012318006,0,0,0,mol/kg,0.634424057,mol/kg,
Prutton - 1945,394.15,kelvin,7.802025,MPa,1.012318006,0,0,0,mol/kg,0.385675315,mol/kg,
Prutton - 1945,394.15,kelvin,7.7007,MPa,1.012318006,0,0,0,mol/kg,0.340684894,mol/kg,
Prutton - 1945,394.15,kelvin,2.127825,MPa,1.012318006,0,0,0,mol/kg,0.150280862,mol/kg,
Prutton - 1945,394.15,kelvin,2.127825,MPa,1.012318006,0,0,0,mol/kg,0.150280862,mol/kg,
Prutton - 1945,349.15,kelvin,63.328125,MPa,3.898583136,0,0,0,mol/kg,0.385675315,mol/kg,*
Prutton - 1945,349.15,kelvin,56.13405,MPa,3.898583136,0,0,0,mol/kg,0.391304214,mol/kg,*
Prutton - 1945,349.15,kelvin,53.195625,MPa,3.898583136,0,0,0,mol/kg,0.391304214,mol/kg,*
Prutton - 1945,349.15,kelvin,46.102875,MPa,3.898583136,0,0,0,mol/kg,0.368795415,mol/kg,
Prutton - 1945,349.15,kelvin,43.671075,MPa,3.898583136,0,0,0,mol/kg,0.374420915,mol/kg,
Prutton - 1945,349.15,kelvin,32.322675,MPa,3.898583136,0,0,0,mol/kg,0.340684894,mol/kg,
Prutton - 1945,349.15,kelvin,31.81605,MPa,3.898583136,0,0,0,mol/kg,0.335066184,mol/kg,
Prutton - 1945,349.15,kelvin,16.515975,MPa,3.898583136,0,0,0,mol/kg,0.284548617,mol/kg,
Prutton - 1945,349.15,kelvin,16.313325,MPa,3.898583136,0,0,0,mol/kg,0.290157166,mol/kg,
Prutton - 1945,349.15,kelvin,7.49805,MPa,3.898583136,0,0,0,mol/kg,0.206147146,mol/kg,
Prutton - 1945,349.15,kelvin,7.396725,MPa,3.898583136,0,0,0,mol/kg,0.200555472,mol/kg,
Prutton - 1945,349.15,kelvin,1.519875,MPa,3.898583136,0,0,0,mol/kg,0.050003371,mol/kg,
Prutton - 1945,349.15,kelvin,1.519875,MPa,3.898583136,0,0,0,mol/kg,0.050003371,mol/kg,
Prutton - 1945,349.15,kelvin,60.795,MPa,2.280886935,0,0,0,mol/kg,0.662831121,mol/kg,*
Prutton - 1945,349.15,kelvin,57.9579,MPa,2.280886935,0,0,0,mol/kg,0.657147409,mol/kg,*
Prutton - 1945,349.15,kelvin,46.6095,MPa,2.280886935,0,0,0,mol/kg,0.60604571,mol/kg,
Prutton - 1945,349.15,kelvin,46.00155,MPa,2.280886935,0,0,0,mol/kg,0.600373483,mol/kg,
Prutton - 1945,349.15,kelvin,29.38425,MPa,2.280886935,0,0,0,mol/kg,0.549374993,mol/kg,
Prutton - 1945,349.15,kelvin,28.57365,MPa,2.280886935,0,0,0,mol/kg,0.543714217,mol/kg,
Prutton - 1945,349.15,kelvin,16.81995,MPa,2.280886935,0,0,0,mol/kg,0.481521042,mol/kg,
Prutton - 1945,349.15,kelvin,16.718625,MPa,2.280886935,0,0,0,mol/kg,0.492818625,mol/kg,
Prutton - 1945,349.15,kelvin,7.396725,MPa,2.280886935,0,0,0,mol/kg,0.335066184,mol/kg,
Prutton - 1945,349.15,kelvin,7.396725,MPa,2.280886935,0,0,0,mol/kg,0.323832154,mol/kg,
Prutton - 1945,349.15,kelvin,2.330475,MPa,2.280886935,0,0,0,mol/kg,0.122389713,mol/kg,
Prutton - 1945,349.15,kelvin,2.22915,MPa,2.280886935,0,0,0,mol/kg,0.122389713,mol/kg,
Prutton - 1945,374.15,kelvin,63.83475,MPa,3.898583136,0,0,0,mol/kg,0.396934248,mol/kg,
Prutton - 1945,374.15,kelvin,53.195625,MPa,3.898583136,0,0,0,mol/kg,0.391304214,mol/kg,
Prutton - 1945,374.15,kelvin,40.73265,MPa,3.898583136,0,0,0,mol/kg,0.351925708,mol/kg,
Prutton - 1945,374.15,kelvin,39.415425,MPa,3.898583136,0,0,0,mol/kg,0.357547812,mol/kg,
Prutton - 1945,374.15,kelvin,39.3141,MPa,3.898583136,0,0,0,mol/kg,0.357547812,mol/kg,
Prutton - 1945,374.15,kelvin,26.445825,MPa,3.898583136,0,0,0,mol/kg,0.323832154,mol/kg,
Prutton - 1945,374.15,kelvin,24.11535,MPa,3.898583136,0,0,0,mol/kg,0.290157166,mol/kg,
Prutton - 1945,374.15,kelvin,23.71005,MPa,3.898583136,0,0,0,mol/kg,0.301377647,mol/kg,
Prutton - 1945,374.15,kelvin,15.60405,MPa,3.898583136,0,0,0,mol/kg,0.2733349,mol/kg,
Prutton - 1945,374.15,kelvin,15.300075,MPa,3.898583136,0,0,0,mol/kg,0.26212569,mol/kg,
Prutton - 1945,374.15,kelvin,7.7007,MPa,3.898583136,0,0,0,mol/kg,0.18378718,mol/kg,
Prutton - 1945,374.15,kelvin,7.49805,MPa,3.898583136,0,0,0,mol/kg,0.172613926,mol/kg,
Prutton - 1945,348.65,kelvin,62.8215,MPa,1.012318006,0,0,0,mol/kg,1.086642045,mol/kg,*
Prutton - 1945,348.65,kelvin,59.275125,MPa,1.012318006,0,0,0,mol/kg,1.040516585,mol/kg,*
Prutton - 1945,348.65,kelvin,45.19095,MPa,1.012318006,0,0,0,mol/kg,0.948490849,mol/kg,
Prutton - 1945,348.65,kelvin,43.16445,MPa,1.012318006,0,0,0,mol/kg,0.959977683,mol/kg,
Prutton - 1945,348.65,kelvin,33.2346,MPa,1.012318006,0,0,0,mol/kg,0.891126707,mol/kg,
Prutton - 1945,348.65,kelvin,31.41075,MPa,1.012318006,0,0,0,mol/kg,0.868213677,mol/kg,
Prutton - 1945,348.65,kelvin,16.515975,MPa,1.012318006,0,0,0,mol/kg,0.748225054,mol/kg,
Prutton - 1945,348.65,kelvin,16.41465,MPa,1.012318006,0,0,0,mol/kg,0.748225054,mol/kg,
Prutton - 1945,348.65,kelvin,6.383475,MPa,1.012318006,0,0,0,mol/kg,0.464583212,mol/kg,
Prutton - 1945,348.65,kelvin,6.28215,MPa,1.012318006,0,0,0,mol/kg,0.453297018,mol/kg,
Prutton - 1945,348.65,kelvin,1.6212,MPa,1.012318006,0,0,0,mol/kg,0.150280862,mol/kg,
Prutton - 1945,348.65,kelvin,1.6212,MPa,1.012318006,0,0,0,mol/kg,0.144700395,mol/kg,
Prutton - 1945,374.15,kelvin,65.6586,MPa,2.280886935,0,0,0,mol/kg,0.691266946,mol/kg,
Prutton - 1945,374.15,kelvin,58.16055,MPa,2.280886935,0,0,0,mol/kg,0.662831121,mol/kg,
Prutton - 1945,374.15,kelvin,57.34995,MPa,2.280886935,0,0,0,mol/kg,0.651464847,mol/kg,
Prutton - 1945,374.15,kelvin,29.5869,MPa,2.280886935,0,0,0,mol/kg,0.555036914,mol/kg,
Prutton - 1945,374.15,kelvin,29.38425,MPa,2.280886935,0,0,0,mol/kg,0.543714217,mol/kg,
Prutton - 1945,374.15,kelvin,17.22525,MPa,2.280886935,0,0,0,mol/kg,0.464583212,mol/kg,
Prutton - 1945,374.15,kelvin,17.123925,MPa,2.280886935,0,0,0,mol/kg,0.470228017,mol/kg,
Prutton - 1945,374.15,kelvin,14.38815,MPa,2.280886935,0,0,0,mol/kg,0.413831154,mol/kg,
Prutton - 1945,374.15,kelvin,14.38815,MPa,2.280886935,0,0,0,mol/kg,0.413831154,mol/kg,
Prutton - 1945,374.15,kelvin,9.220575,MPa,2.280886935,0,0,0,mol/kg,0.323832154,mol/kg,
Prutton - 1945,374.15,kelvin,8.9166,MPa,2.280886935,0,0,0,mol/kg,0.329448604,mol/kg,
Prutton - 1945,374.15,kelvin,2.330475,MPa,2.280886935,0,0,0,mol/kg,0.10009691,mol/kg,
Prutton - 1945,374.15,kelvin,2.330475,MPa,2.280886935,0,0,0,mol/kg,0.094526501,mol/kg,
Prutton - 1945,394.15,kelvin,67.381125,MPa,3.898583136,0,0,0,mol/kg,0.413831154,mol/kg,
Prutton - 1945,394.15,kelvin,51.67575,MPa,3.898583136,0,0,0,mol/kg,0.385675315,mol/kg,
Prutton - 1945,394.15,kelvin,50.05455,MPa,3.898583136,0,0,0,mol/kg,0.363171048,mol/kg,
Prutton - 1945,394.15,kelvin,47.4201,MPa,3.898583136,0,0,0,mol/kg,0.340684894,mol/kg,
Prutton - 1945,394.15,kelvin,45.59625,MPa,3.898583136,0,0,0,mol/kg,0.351925708,mol/kg,
Prutton - 1945,394.15,kelvin,30.60015,MPa,3.898583136,0,0,0,mol/kg,0.323832154,mol/kg,
Prutton - 1945,394.15,kelvin,29.9922,MPa,3.898583136,0,0,0,mol/kg,0.323832154,mol/kg,
Prutton - 1945,394.15,kelvin,15.19875,MPa,3.898583136,0,0,0,mol/kg,0.250920985,mol/kg,
Prutton - 1945,394.15,kelvin,14.9961,MPa,3.898583136,0,0,0,mol/kg,0.250920985,mol/kg,
Prutton - 1945,394.15,kelvin,8.612625,MPa,3.898583136,0,0,0,mol/kg,0.172613926,mol/kg,
Prutton - 1945,394.15,kelvin,8.409975,MPa,3.898583136,0,0,0,mol/kg,0.172613926,mol/kg,
Prutton - 1945,374.15,kelvin,62.61885,MPa,1.012318006,0,0,0,mol/kg,1.0520409,mol/kg,
Prutton - 1945,374.15,kelvin,58.261875,MPa,1.012318006,0,0,0,mol/kg,1.046278155,mol/kg,
Prutton - 1945,374.15,kelvin,50.6625,MPa,1.012318006,0,0,0,mol/kg,0.982965379,mol/kg,
Prutton - 1945,374.15,kelvin,39.92205,MPa,1.012318006,0,0,0,mol/kg,0.948490849,mol/kg,
Prutton - 1945,374.15,kelvin,38.5035,MPa,1.012318006,0,0,0,mol/kg,0.931269358,mol/kg,
Prutton - 1945,374.15,kelvin,35.6664,MPa,1.012318006,0,0,0,mol/kg,0.896857875,mol/kg,
Prutton - 1945,374.15,kelvin,35.2611,MPa,1.012318006,0,0,0,mol/kg,0.91405837,mol/kg,
Prutton - 1945,374.15,kelvin,28.97895,MPa,1.012318006,0,0,0,mol/kg,0.856764142,mol/kg,
Prutton - 1945,374.15,kelvin,28.97895,MPa,1.012318006,0,0,0,mol/kg,0.828160639,mol/kg,
Prutton - 1945,374.15,kelvin,21.582225,MPa,1.012318006,0,0,0,mol/kg,0.788164472,mol/kg,
Prutton - 1945,374.15,kelvin,21.582225,MPa,1.012318006,0,0,0,mol/kg,0.759630533,mol/kg,
Prutton - 1945,374.15,kelvin,12.159,MPa,1.012318006,0,0,0,mol/kg,0.634424057,mol/kg,
Prutton - 1945,374.15,kelvin,12.159,MPa,1.012318006,0,0,0,mol/kg,0.628746092,mol/kg,
Prutton - 1945,374.15,kelvin,5.6742,MPa,1.012318006,0,0,0,mol/kg,0.453297018,mol/kg,
Prutton - 1945,374.15,kelvin,1.722525,MPa,1.012318006,0,0,0,mol/kg,0.122389713,mol/kg,
Prutton - 1945,374.15,kelvin,1.722525,MPa,1.012318006,0,0,0,mol/kg,0.116814837,mol/kg,
Prutton - 1945,394.15,kelvin,66.773175,MPa,2.280886935,0,0,0,mol/kg,0.645783434,mol/kg,
Prutton - 1945,394.15,kelvin,64.4427,MPa,2.280886935,0,0,0,mol/kg,0.645783434,mol/kg,
Prutton - 1945,394.15,kelvin,60.99765,MPa,2.280886935,0,0,0,mol/kg,0.657147409,mol/kg,
Prutton - 1945,394.15,kelvin,51.27045,MPa,2.280886935,0,0,0,mol/kg,0.634424057,mol/kg,
Prutton - 1945,394.15,kelvin,49.750575,MPa,2.280886935,0,0,0,mol/kg,0.617393606,mol/kg,
Prutton - 1945,394.15,kelvin,47.0148,MPa,2.280886935,0,0,0,mol/kg,0.617393606,mol/kg,
Prutton - 1945,394.15,kelvin,28.57365,MPa,2.280886935,0,0,0,mol/kg,0.526738744,mol/kg,
Prutton - 1945,394.15,kelvin,28.371,MPa,2.280886935,0,0,0,mol/kg,0.526738744,mol/kg,
Prutton - 1945,394.15,kelvin,15.19875,MPa,2.280886935,0,0,0,mol/kg,0.408197717,mol/kg,
Prutton - 1945,394.15,kelvin,15.19875,MPa,2.280886935,0,0,0,mol/kg,0.408197717,mol/kg,
Prutton - 1945,394.15,kelvin,6.383475,MPa,2.280886935,0,0,0,mol/kg,0.217333864,mol/kg,
Prutton - 1945,394.15,kelvin,6.383475,MPa,2.280886935,0,0,0,mol/kg,0.217333864,mol/kg,
Prutton - 1945,394.15,kelvin,2.533125,MPa,2.280886935,0,0,0,mol/kg,0.105668436,mol/kg,
Prutton - 1945,394.15,kelvin,2.533125,MPa,2.280886935,0,0,0,mol/kg,0.094526501,mol/kg,
Prutton - 1945,393.15,kelvin,88.55805,MPa,1.012318006,0,0,0,mol/kg,1.202285568,mol/kg,
Prutton - 1945,393.15,kelvin,84.09975,MPa,1.012318006,0,0,0,mol/kg,1.248675411,mol/kg,
Prutton - 1945,393.15,kelvin,66.367875,MPa,1.012318006,0,0,0,mol/kg,1.12128555,mol/kg,
Prutton - 1945,393.15,kelvin,65.151975,MPa,1.012318006,0,0,0,mol/kg,1.103958498,mol/kg,
Prutton - 1945,393.15,kelvin,49.8519,MPa,1.012318006,0,0,0,mol/kg,1.040516585,mol/kg,
Prutton - 1945,393.15,kelvin,48.636,MPa,1.012318006,0,0,0,mol/kg,1.011726332,mol/kg,
Prutton - 1945,393.15,kelvin,32.22135,MPa,1.012318006,0,0,0,mol/kg,0.896857875,mol/kg,
Prutton - 1945,393.15,kelvin,31.309425,MPa,1.012318006,0,0,0,mol/kg,0.862488328,mol/kg,
Prutton - 1945,393.15,kelvin,15.8067,MPa,1.012318006,0,0,0,mol/kg,0.696957567,mol/kg,
Prutton - 1945,393.15,kelvin,15.8067,MPa,1.012318006,0,0,0,mol/kg,0.651464847,mol/kg,
Prutton - 1945,393.15,kelvin,7.49805,MPa,1.012318006,0,0,0,mol/kg,0.458939546,mol/kg,
Prutton - 1945,393.15,kelvin,7.396725,MPa,1.012318006,0,0,0,mol/kg,0.396934248,mol/kg,
Prutton - 1945,393.15,kelvin,2.8371,MPa,1.012318006,0,0,0,mol/kg,0.16702898,mol/kg,
Prutton - 1945,393.15,kelvin,2.8371,MPa,1.012318006,0,0,0,mol/kg,0.16702898,mol/kg,
